id_estudiante,id_curso,semestre,facultad,programa,modalidad,subperiodo,estado_academico,nota_final,fecha_matricula
EST00381,CUR0003,2024-1,Ciencias Económicas,Administración,APV,B,Aprobado,3.72,18/02/2024
EST00310,CUR0087,2024-2,Artes Y Humanidades,Comunicación,AMV,C,Aprobado,2.89,21/11/2024
EST00294,CUR0073,2024-2,Ingeniería,Ingeniería Mecánica,AMV,C,Aprobado,3.94,28/10/2024
EST00233,CUR0032,2024-1,Ciencias Económicas,Contaduría,AMV,A,Aprobado,3.25,18/04/2024
EST00029,CUR0030,2024-1,Artes Y Humanidades,Artes Escénicas,AMV,B,Reprobado,2.18,26/01/2024
EST00352,CUR0071,2024-1,Ingeniería,Ingeniería De Sistemas,APV,A,Matriculado_En_Curso,3.081805745554036,22/06/2024
EST00038,CUR0012,2024-1,Artes Y Humanidades,Artes Escénicas,AMV,B,Aprobado,2.63,21/06/2024
EST00341,CUR0005,2024-2,Artes Y Humanidades,Artes Escénicas,APV,B,Aprobado,2.51,06/09/2024
EST00250,CUR0014,2024-1,Artes Y Humanidades,Comunicación,APV,C,Aprobado,3.81,03/05/2024
EST00232,CUR0092,2024-2,Ciencias Económicas,Contaduría,APV,A,Aprobado,4.49,22/09/2024
EST00357,CUR0036,2024-2,Ciencias Económicas,Contaduría,APV,A,Cancelado,3.081805745554036,07/09/2024
EST00175,CUR0090,2024-2,Ciencias Económicas,Administración,APV,C,Cancelado,3.081805745554036,22/07/2024
EST00267,CUR0068,2024-1,Artes Y Humanidades,Artes Escénicas,APV,B,Matriculado_En_Curso,3.081805745554036,17/02/2024
EST00327,CUR0012,2024-1,Artes Y Humanidades,Artes Escénicas,AMV,A,Aprobado,3.19,24/03/2024
EST00064,CUR0069,2024-2,Ingeniería,Ingeniería De Sistemas,AMV,A,Reprobado,2.61,08/09/2024
EST00047,CUR0100,2024-2,Artes Y Humanidades,Comunicación,APV,C,Matriculado_En_Curso,3.081805745554036,25/08/2024
EST00336,CUR0097,2024-1,Ingeniería,Ingeniería Mecánica,APV,B,Aprobado,3.18,15/05/2024
EST00072,CUR0005,2024-2,Artes Y Humanidades,Artes Escénicas,APV,B,Reprobado,2.54,24/10/2024
EST00310,CUR0046,2024-2,Ingeniería,Ingeniería Electrónica,APV,B,Aprobado,3.51,30/11/2024
EST00191,CUR0073,2024-2,Ingeniería,Ingeniería Mecánica,APV,C,Aprobado,4.75,31/10/2024
EST00074,CUR0096,2024-2,Ciencias Económicas,Contaduría,APV,A,Aprobado,2.5,12/11/2024
EST00335,CUR0001,2024-2,Ingeniería,Ingeniería Electrónica,APV,A,Aprobado,3.64,14/12/2024
EST00040,CUR0025,2024-1,Ciencias Económicas,Economía,APV,B,Aprobado,3.42,12/02/2024
EST00061,CUR0084,2024-1,Ciencias Económicas,Economía,AMV,A,Reprobado,2.51,21/02/2024
EST00316,CUR0060,2024-1,Ciencias Económicas,Administración,AMV,A,Matriculado_En_Curso,3.081805745554036,11/02/2024
EST00394,CUR0031,2024-2,Ingeniería,Ingeniería Mecánica,AMV,C,Aprobado,3.2,17/08/2024
EST00056,CUR0018,2024-2,Ciencias Económicas,Administración,APV,B,Aprobado,2.69,02/10/2024
EST00307,CUR0051,2024-2,Ciencias Económicas,Contaduría,AMV,A,Matriculado_En_Curso,3.081805745554036,11/09/2024
EST00082,CUR0031,2024-2,Ingeniería,Ingeniería Mecánica,AMV,B,Matriculado_En_Curso,3.081805745554036,18/07/2024
EST00167,CUR0072,2024-1,Ciencias Económicas,Administración,AMV,C,Aprobado,3.59,13/04/2024
EST00308,CUR0032,2024-1,Ciencias Económicas,Contaduría,AMV,A,Reprobado,1.53,14/06/2024
EST00069,CUR0071,2024-1,Ingeniería,Ingeniería De Sistemas,AMV,B,Matriculado_En_Curso,3.081805745554036,14/03/2024
EST00396,CUR0097,2024-1,Ingeniería,Ingeniería Mecánica,APV,B,Aprobado,3.64,29/01/2024
EST00269,CUR0089,2024-1,Ingeniería,Ingeniería Electrónica,AMV,B,Matriculado_En_Curso,3.081805745554036,07/04/2024
EST00085,CUR0015,2024-2,Ciencias Económicas,Contaduría,AMV,C,Aprobado,3.14,23/08/2024
EST00353,CUR0025,2024-1,Ciencias Económicas,Economía,AMV,B,Matriculado_En_Curso,3.081805745554036,06/02/2024
EST00079,CUR0029,2024-2,Ciencias Económicas,Contaduría,AMV,C,Cancelado,3.081805745554036,15/10/2024
EST00177,CUR0062,2024-1,Ciencias Económicas,Contaduría,APV,C,Aprobado,4.09,26/06/2024
EST00378,CUR0054,2024-2,Ciencias Económicas,Economía,AMV,B,Aprobado,3.22,29/09/2024
EST00197,CUR0064,2024-1,Ingeniería,Ingeniería Mecánica,APV,C,Matriculado_En_Curso,3.081805745554036,11/06/2024
EST00223,CUR0045,2024-1,Artes Y Humanidades,Artes Escénicas,AMV,B,Matriculado_En_Curso,3.081805745554036,20/01/2024
EST00201,CUR0048,2024-2,Ciencias Económicas,Administración,APV,C,Reprobado,1.89,23/11/2024
EST00158,CUR0055,2024-2,Ingeniería,Ingeniería Mecánica,APV,B,Reprobado,1.52,06/10/2024
EST00386,CUR0030,2024-1,Artes Y Humanidades,Artes Escénicas,APV,B,Aprobado,3.1,22/06/2024
EST00152,CUR0062,2024-1,Ciencias Económicas,Contaduría,APV,C,Matriculado_En_Curso,3.081805745554036,17/03/2024
EST00140,CUR0077,2024-1,Artes Y Humanidades,Comunicación,AMV,C,Aprobado,2.66,28/06/2024
EST00267,CUR0092,2024-2,Ciencias Económicas,Contaduría,AMV,C,Aprobado,3.57,13/12/2024
EST00271,CUR0081,2024-2,Ciencias Económicas,Economía,APV,B,Aprobado,3.8,17/10/2024
EST00125,CUR0048,2024-2,Ciencias Económicas,Administración,APV,C,Aprobado,3.94,06/11/2024
EST00190,CUR0017,2024-1,Ingeniería,Ingeniería Electrónica,APV,C,Matriculado_En_Curso,3.081805745554036,06/05/2024
EST00208,CUR0012,2024-1,Artes Y Humanidades,Artes Escénicas,APV,A,Matriculado_En_Curso,3.081805745554036,30/05/2024
EST00195,CUR0019,2024-2,Ciencias Económicas,Administración,APV,A,Aprobado,3.96,16/08/2024
EST00305,CUR0037,2024-2,Ciencias Económicas,Economía,APV,B,Aprobado,3.39,25/09/2024
EST00212,CUR0087,2024-2,Artes Y Humanidades,Comunicación,APV,A,Aprobado,3.59,15/10/2024
EST00021,CUR0065,2024-1,Ingeniería,Ingeniería De Sistemas,AMV,C,Aprobado,3.28,03/02/2024
EST00395,CUR0003,2024-1,Ciencias Económicas,Administración,APV,C,Aprobado,4.32,26/05/2024
EST00277,CUR0098,2024-2,Ciencias Económicas,Contaduría,APV,B,Reprobado,2.23,19/11/2024
EST00141,CUR0007,2024-1,Artes Y Humanidades,Comunicación,APV,A,Matriculado_En_Curso,3.081805745554036,24/01/2024
EST00173,CUR0100,2024-2,Artes Y Humanidades,Comunicación,APV,B,Aprobado,3.16,16/08/2024
EST00392,CUR0097,2024-1,Ingeniería,Ingeniería Mecánica,APV,B,Cancelado,3.081805745554036,01/02/2024
EST00093,CUR0074,2024-2,Ingeniería,Ingeniería Mecánica,APV,B,Aprobado,3.21,13/11/2024
EST00066,CUR0008,2024-1,Artes Y Humanidades,Comunicación,AMV,C,Aprobado,4.04,31/03/2024
EST00105,CUR0067,2024-1,Artes Y Humanidades,Comunicación,APV,C,Aprobado,2.9,21/06/2024
EST00043,CUR0099,2024-2,Artes Y Humanidades,Comunicación,AMV,B,Aprobado,3.82,05/11/2024
EST00303,CUR0052,2024-1,Artes Y Humanidades,Artes Escénicas,AMV,B,Aprobado,3.08,30/06/2024
EST00375,CUR0069,2024-2,Ingeniería,Ingeniería De Sistemas,AMV,B,Cancelado,3.081805745554036,21/07/2024
EST00060,CUR0014,2024-1,Artes Y Humanidades,Comunicación,AMV,B,Aprobado,3.65,21/02/2024
EST00123,CUR0027,2024-2,Ingeniería,Ingeniería Mecánica,AMV,C,Cancelado,3.081805745554036,06/09/2024
EST00317,CUR0054,2024-2,Ciencias Económicas,Economía,APV,A,Matriculado_En_Curso,3.081805745554036,02/12/2024
EST00269,CUR0053,2024-1,Artes Y Humanidades,Comunicación,AMV,B,Aprobado,3.21,11/04/2024
EST00067,CUR0047,2024-1,Ciencias Económicas,Administración,APV,A,Aprobado,2.84,09/05/2024
EST00043,CUR0032,2024-1,Ciencias Económicas,Contaduría,APV,A,Reprobado,1.53,24/06/2024
EST00144,CUR0021,2024-1,Ciencias Económicas,Contaduría,AMV,C,Reprobado,2.42,12/02/2024
EST00030,CUR0029,2024-2,Ciencias Económicas,Contaduría,APV,C,Matriculado_En_Curso,3.081805745554036,14/12/2024
EST00357,CUR0029,2024-2,Ciencias Económicas,Contaduría,AMV,B,Matriculado_En_Curso,3.081805745554036,28/09/2024
EST00258,CUR0083,2024-1,Artes Y Humanidades,Artes Escénicas,AMV,B,Aprobado,2.82,27/03/2024
EST00287,CUR0009,2024-1,Artes Y Humanidades,Comunicación,APV,C,Aprobado,4.28,11/04/2024
EST00045,CUR0006,2024-2,Artes Y Humanidades,Artes Escénicas,APV,C,Aprobado,2.45,18/10/2024
EST00175,CUR0089,2024-1,Ingeniería,Ingeniería Electrónica,AMV,A,Matriculado_En_Curso,3.081805745554036,13/02/2024
EST00079,CUR0037,2024-2,Ciencias Económicas,Economía,APV,C,Aprobado,2.99,24/08/2024
EST00222,CUR0031,2024-2,Ingeniería,Ingeniería Mecánica,APV,A,Aprobado,2.69,10/12/2024
EST00344,CUR0055,2024-2,Ingeniería,Ingeniería Mecánica,AMV,C,Aprobado,3.57,04/08/2024
EST00148,CUR0024,2024-2,Ingeniería,Ingeniería Electrónica,APV,A,Reprobado,2.17,28/08/2024
EST00034,CUR0021,2024-1,Ciencias Económicas,Contaduría,AMV,A,Aprobado,3.47,19/03/2024
EST00363,CUR0031,2024-2,Ingeniería,Ingeniería Mecánica,APV,C,Cancelado,3.081805745554036,17/11/2024
EST00062,CUR0044,2024-1,Artes Y Humanidades,Comunicación,AMV,C,Matriculado_En_Curso,3.081805745554036,04/06/2024
EST00081,CUR0039,2024-2,Ciencias Económicas,Contaduría,APV,B,Cancelado,3.081805745554036,14/10/2024
EST00115,CUR0096,2024-2,Ciencias Económicas,Contaduría,APV,B,Reprobado,1.39,04/08/2024
EST00157,CUR0056,2024-2,Artes Y Humanidades,Diseño Gráfico,AMV,A,Aprobado,2.92,20/07/2024
EST00001,CUR0014,2024-1,Artes Y Humanidades,Comunicación,APV,A,Aprobado,3.45,11/06/2024
EST00179,CUR0025,2024-1,Ciencias Económicas,Economía,APV,B,Reprobado,2.05,12/03/2024
EST00184,CUR0043,2024-2,Ciencias Económicas,Economía,AMV,B,Aprobado,3.27,01/08/2024
EST00239,CUR0009,2024-1,Artes Y Humanidades,Comunicación,APV,C,Reprobado,2.59,02/04/2024
EST00218,CUR0067,2024-1,Artes Y Humanidades,Comunicación,AMV,B,Aprobado,3.99,14/03/2024
EST00128,CUR0011,2024-1,Ciencias Económicas,Administración,AMV,C,Aprobado,3.34,14/04/2024
EST00340,CUR0097,2024-1,Ingeniería,Ingeniería Mecánica,AMV,B,Reprobado,2.44,01/05/2024
EST00018,CUR0039,2024-2,Ciencias Económicas,Contaduría,APV,C,Matriculado_En_Curso,3.081805745554036,07/09/2024
EST00222,CUR0065,2024-1,Ingeniería,Ingeniería De Sistemas,APV,C,Aprobado,4.01,21/01/2024
EST00178,CUR0018,2024-2,Ciencias Económicas,Administración,AMV,A,Aprobado,2.77,06/08/2024
EST00148,CUR0088,2024-1,Ingeniería,Ingeniería Electrónica,AMV,C,Reprobado,2.44,05/02/2024
EST00260,CUR0014,2024-1,Artes Y Humanidades,Comunicación,APV,B,Aprobado,4.04,15/05/2024
EST00286,CUR0074,2024-2,Ingeniería,Ingeniería Mecánica,APV,C,Aprobado,1.81,04/12/2024
EST00126,CUR0065,2024-1,Ingeniería,Ingeniería De Sistemas,APV,A,Reprobado,2.5,31/01/2024
EST00236,CUR0018,2024-2,Ciencias Económicas,Administración,APV,C,Aprobado,3.94,15/11/2024
EST00021,CUR0068,2024-1,Artes Y Humanidades,Artes Escénicas,APV,A,Aprobado,3.8,05/05/2024
EST00303,CUR0063,2024-1,Artes Y Humanidades,Comunicación,AMV,A,Reprobado,2.58,03/02/2024
EST00077,CUR0037,2024-2,Ciencias Económicas,Economía,AMV,B,Aprobado,3.38,26/09/2024
EST00220,CUR0100,2024-2,Artes Y Humanidades,Comunicación,APV,A,Aprobado,2.79,18/07/2024
EST00166,CUR0059,2024-1,Ciencias Económicas,Administración,AMV,A,Aprobado,3.23,29/02/2024
EST00186,CUR0091,2024-2,Ingeniería,Ingeniería De Sistemas,APV,C,Reprobado,2.52,10/11/2024
EST00375,CUR0088,2024-1,Ingeniería,Ingeniería Electrónica,AMV,C,Matriculado_En_Curso,3.081805745554036,14/06/2024
EST00073,CUR0057,2024-1,Artes Y Humanidades,Diseño Gráfico,APV,A,Reprobado,2.16,06/04/2024
EST00368,CUR0085,2024-2,Artes Y Humanidades,Diseño Gráfico,AMV,C,Matriculado_En_Curso,3.081805745554036,11/09/2024
EST00398,CUR0084,2024-1,Ciencias Económicas,Economía,AMV,C,Aprobado,3.75,23/01/2024
EST00138,CUR0096,2024-2,Ciencias Económicas,Contaduría,APV,C,Aprobado,2.9,01/12/2024
EST00132,CUR0069,2024-2,Ingeniería,Ingeniería De Sistemas,APV,B,Aprobado,3.63,04/12/2024
EST00194,CUR0054,2024-2,Ciencias Económicas,Economía,APV,B,Matriculado_En_Curso,3.081805745554036,01/12/2024
EST00135,CUR0027,2024-2,Ingeniería,Ingeniería Mecánica,APV,B,Reprobado,1.68,26/10/2024
EST00057,CUR0034,2024-2,Ciencias Económicas,Economía,AMV,A,Aprobado,3.42,04/10/2024
EST00204,CUR0024,2024-2,Ingeniería,Ingeniería Electrónica,APV,A,Matriculado_En_Curso,3.081805745554036,01/10/2024
EST00053,CUR0044,2024-1,Artes Y Humanidades,Comunicación,AMV,B,Reprobado,2.21,15/06/2024
EST00113,CUR0030,2024-1,Artes Y Humanidades,Artes Escénicas,AMV,B,Matriculado_En_Curso,3.081805745554036,31/01/2024
EST00093,CUR0079,2024-2,Artes Y Humanidades,Diseño Gráfico,AMV,B,Matriculado_En_Curso,3.081805745554036,24/10/2024
EST00167,CUR0044,2024-1,Artes Y Humanidades,Comunicación,AMV,C,Reprobado,2.5,24/06/2024
EST00073,CUR0055,2024-2,Ingeniería,Ingeniería Mecánica,AMV,A,Reprobado,1.78,02/12/2024
EST00391,CUR0067,2024-1,Artes Y Humanidades,Comunicación,AMV,C,Aprobado,3.49,06/05/2024
EST00377,CUR0070,2024-2,Artes Y Humanidades,Artes Escénicas,APV,B,Reprobado,2.89,20/10/2024
EST00245,CUR0055,2024-2,Ingeniería,Ingeniería Mecánica,AMV,C,Matriculado_En_Curso,3.081805745554036,25/11/2024
EST00171,CUR0066,2024-1,Ciencias Económicas,Administración,APV,A,Aprobado,2.65,25/02/2024
EST00337,CUR0034,2024-2,Ciencias Económicas,Economía,APV,A,Aprobado,3.01,14/12/2024
EST00355,CUR0098,2024-2,Ciencias Económicas,Contaduría,AMV,C,Reprobado,2.62,26/07/2024
EST00119,CUR0090,2024-2,Ciencias Económicas,Administración,APV,C,Aprobado,2.83,26/11/2024
EST00327,CUR0006,2024-2,Artes Y Humanidades,Artes Escénicas,APV,C,Reprobado,1.74,06/10/2024
EST00231,CUR0018,2024-2,Ciencias Económicas,Administración,APV,C,Aprobado,3.43,07/10/2024
EST00113,CUR0029,2024-2,Ciencias Económicas,Contaduría,AMV,A,Aprobado,2.88,23/09/2024
EST00223,CUR0043,2024-2,Ciencias Económicas,Economía,APV,C,Aprobado,3.45,09/12/2024
EST00147,CUR0055,2024-2,Ingeniería,Ingeniería Mecánica,APV,C,Matriculado_En_Curso,3.081805745554036,23/10/2024
EST00109,CUR0080,2024-2,Ciencias Económicas,Economía,APV,C,Aprobado,2.96,16/08/2024
EST00343,CUR0007,2024-1,Artes Y Humanidades,Comunicación,APV,B,Matriculado_En_Curso,3.081805745554036,28/05/2024
EST00087,CUR0027,2024-2,Ingeniería,Ingeniería Mecánica,AMV,C,Aprobado,3.27,17/08/2024
EST00247,CUR0080,2024-2,Ciencias Económicas,Economía,AMV,B,Matriculado_En_Curso,3.081805745554036,26/08/2024
EST00243,CUR0063,2024-1,Artes Y Humanidades,Comunicación,AMV,C,Matriculado_En_Curso,3.081805745554036,30/04/2024
EST00132,CUR0020,2024-2,Artes Y Humanidades,Comunicación,AMV,A,Aprobado,3.04,22/11/2024
EST00117,CUR0001,2024-2,Ingeniería,Ingeniería Electrónica,AMV,C,Reprobado,2.53,22/10/2024
EST00043,CUR0056,2024-2,Artes Y Humanidades,Diseño Gráfico,AMV,B,Aprobado,2.88,27/07/2024
EST00132,CUR0031,2024-2,Ingeniería,Ingeniería Mecánica,APV,A,Matriculado_En_Curso,3.081805745554036,24/08/2024
EST00055,CUR0035,2024-2,Ciencias Económicas,Contaduría,AMV,C,Aprobado,3.61,28/09/2024
EST00315,CUR0086,2024-2,Artes Y Humanidades,Comunicación,AMV,A,Aprobado,3.52,08/12/2024
EST00393,CUR0007,2024-1,Artes Y Humanidades,Comunicación,AMV,B,Aprobado,3.34,19/06/2024
EST00192,CUR0055,2024-2,Ingeniería,Ingeniería Mecánica,APV,A,Aprobado,2.87,07/12/2024
EST00031,CUR0033,2024-2,Ingeniería,Ingeniería De Sistemas,APV,C,Aprobado,2.65,11/09/2024
EST00221,CUR0001,2024-2,Ingeniería,Ingeniería Electrónica,AMV,B,Reprobado,2.37,21/11/2024
EST00107,CUR0077,2024-1,Artes Y Humanidades,Comunicación,APV,A,Reprobado,1.9,10/02/2024
EST00080,CUR0072,2024-1,Ciencias Económicas,Administración,AMV,B,Cancelado,3.081805745554036,13/06/2024
EST00114,CUR0029,2024-2,Ciencias Económicas,Contaduría,APV,A,Matriculado_En_Curso,3.081805745554036,03/09/2024
EST00314,CUR0059,2024-1,Ciencias Económicas,Administración,APV,C,Matriculado_En_Curso,3.081805745554036,25/02/2024
EST00039,CUR0038,2024-1,Ingeniería,Ingeniería De Sistemas,APV,A,Aprobado,2.93,29/02/2024
EST00024,CUR0041,2024-1,Ingeniería,Ingeniería Mecánica,APV,B,Aprobado,3.92,27/02/2024
EST00163,CUR0085,2024-2,Artes Y Humanidades,Diseño Gráfico,APV,A,Matriculado_En_Curso,3.081805745554036,04/10/2024
EST00233,CUR0086,2024-2,Artes Y Humanidades,Comunicación,APV,C,Aprobado,3.38,19/07/2024
EST00242,CUR0027,2024-2,Ingeniería,Ingeniería Mecánica,APV,B,Aprobado,3.15,19/07/2024
EST00238,CUR0003,2024-1,Ciencias Económicas,Administración,AMV,A,Aprobado,4.65,13/05/2024
EST00191,CUR0056,2024-2,Artes Y Humanidades,Diseño Gráfico,AMV,C,Aprobado,3.79,16/10/2024
EST00046,CUR0039,2024-2,Ciencias Económicas,Contaduría,AMV,B,Aprobado,3.89,28/10/2024
EST00233,CUR0090,2024-2,Ciencias Económicas,Administración,AMV,B,Aprobado,3.28,06/11/2024
EST00319,CUR0023,2024-1,Ingeniería,Ingeniería De Sistemas,AMV,C,Aprobado,3.13,30/04/2024
EST00297,CUR0020,2024-2,Artes Y Humanidades,Comunicación,APV,B,Aprobado,3.3,26/10/2024
EST00046,CUR0019,2024-2,Ciencias Económicas,Administración,APV,C,Cancelado,3.081805745554036,08/10/2024
EST00298,CUR0003,2024-1,Ciencias Económicas,Administración,AMV,A,Cancelado,3.081805745554036,19/02/2024
EST00219,CUR0035,2024-2,Ciencias Económicas,Contaduría,AMV,A,Cancelado,3.081805745554036,16/11/2024
EST00141,CUR0087,2024-2,Artes Y Humanidades,Comunicación,APV,B,Matriculado_En_Curso,3.081805745554036,24/07/2024
EST00198,CUR0048,2024-2,Ciencias Económicas,Administración,AMV,A,Aprobado,2.88,27/11/2024
EST00234,CUR0008,2024-1,Artes Y Humanidades,Comunicación,AMV,B,Reprobado,1.97,13/03/2024
EST00176,CUR0044,2024-1,Artes Y Humanidades,Comunicación,AMV,C,Reprobado,1.69,18/05/2024
EST00356,CUR0056,2024-2,Artes Y Humanidades,Diseño Gráfico,AMV,B,Aprobado,3.32,28/08/2024
EST00060,CUR0087,2024-2,Artes Y Humanidades,Comunicación,AMV,B,Reprobado,2.29,18/07/2024
EST00204,CUR0072,2024-1,Ciencias Económicas,Administración,AMV,A,Matriculado_En_Curso,3.081805745554036,28/05/2024
EST00233,CUR0047,2024-1,Ciencias Económicas,Administración,AMV,C,Matriculado_En_Curso,3.081805745554036,01/02/2024
EST00398,CUR0028,2024-2,Ingeniería,Ingeniería De Sistemas,AMV,A,Aprobado,3.76,24/09/2024
EST00157,CUR0021,2024-1,Ciencias Económicas,Contaduría,APV,A,Matriculado_En_Curso,3.081805745554036,10/03/2024
EST00330,CUR0040,2024-2,Ingeniería,Ingeniería Mecánica,APV,C,Cancelado,3.081805745554036,14/12/2024
EST00311,CUR0098,2024-2,Ciencias Económicas,Contaduría,APV,B,Aprobado,2.59,10/11/2024
EST00071,CUR0060,2024-1,Ciencias Económicas,Administración,AMV,B,Aprobado,3.96,28/02/2024
EST00238,CUR0076,2024-1,Artes Y Humanidades,Artes Escénicas,APV,C,Matriculado_En_Curso,3.081805745554036,11/05/2024
EST00163,CUR0100,2024-2,Artes Y Humanidades,Comunicación,APV,B,Reprobado,2.62,22/11/2024
EST00325,CUR0053,2024-1,Artes Y Humanidades,Comunicación,APV,B,Reprobado,3.1,19/06/2024
EST00087,CUR0055,2024-2,Ingeniería,Ingeniería Mecánica,AMV,C,Matriculado_En_Curso,3.081805745554036,12/11/2024
EST00260,CUR0002,2024-1,Ciencias Económicas,Administración,APV,C,Aprobado,3.54,14/03/2024
EST00063,CUR0095,2024-1,Ciencias Económicas,Contaduría,AMV,B,Reprobado,2.22,18/02/2024
EST00179,CUR0051,2024-2,Ciencias Económicas,Contaduría,APV,C,Aprobado,3.02,24/10/2024
EST00310,CUR0007,2024-1,Artes Y Humanidades,Comunicación,APV,B,Matriculado_En_Curso,3.081805745554036,17/04/2024
EST00072,CUR0001,2024-2,Ingeniería,Ingeniería Electrónica,APV,C,Reprobado,2.68,05/11/2024
EST00245,CUR0091,2024-2,Ingeniería,Ingeniería De Sistemas,AMV,A,Reprobado,2.63,13/10/2024
EST00225,CUR0098,2024-2,Ciencias Económicas,Contaduría,AMV,B,Reprobado,2.33,30/11/2024
EST00208,CUR0093,2024-2,Ingeniería,Ingeniería Mecánica,AMV,A,Aprobado,4.66,08/08/2024
EST00397,CUR0036,2024-2,Ciencias Económicas,Contaduría,APV,C,Aprobado,3.34,19/08/2024
EST00137,CUR0071,2024-1,Ingeniería,Ingeniería De Sistemas,AMV,B,Reprobado,3.8,07/04/2024
EST00364,CUR0066,2024-1,Ciencias Económicas,Administración,APV,C,Aprobado,3.22,06/03/2024
EST00172,CUR0082,2024-2,Ciencias Económicas,Administración,APV,C,Aprobado,3.41,06/08/2024
EST00357,CUR0068,2024-1,Artes Y Humanidades,Artes Escénicas,AMV,C,Cancelado,3.081805745554036,01/06/2024
EST00319,CUR0002,2024-1,Ciencias Económicas,Administración,AMV,B,Aprobado,2.43,01/02/2024
EST00079,CUR0084,2024-1,Ciencias Económicas,Economía,AMV,A,Matriculado_En_Curso,3.081805745554036,16/02/2024
EST00185,CUR0031,2024-2,Ingeniería,Ingeniería Mecánica,APV,A,Aprobado,4.23,12/12/2024
EST00162,CUR0098,2024-2,Ciencias Económicas,Contaduría,AMV,C,Aprobado,3.69,10/10/2024
EST00098,CUR0093,2024-2,Ingeniería,Ingeniería Mecánica,APV,C,Reprobado,2.78,29/10/2024
EST00320,CUR0022,2024-2,Ingeniería,Ingeniería De Sistemas,APV,A,Reprobado,2.33,15/08/2024
EST00030,CUR0005,2024-2,Artes Y Humanidades,Artes Escénicas,APV,A,Reprobado,2.1,16/10/2024
EST00266,CUR0034,2024-2,Ciencias Económicas,Economía,AMV,C,Reprobado,2.36,07/11/2024
EST00366,CUR0073,2024-2,Ingeniería,Ingeniería Mecánica,AMV,A,Aprobado,3.49,27/10/2024
EST00388,CUR0040,2024-2,Ingeniería,Ingeniería Mecánica,APV,C,Matriculado_En_Curso,3.081805745554036,11/09/2024
EST00282,CUR0080,2024-2,Ciencias Económicas,Economía,AMV,B,Aprobado,2.87,28/07/2024
EST00374,CUR0044,2024-1,Artes Y Humanidades,Comunicación,APV,A,Aprobado,2.72,12/05/2024
EST00055,CUR0097,2024-1,Ingeniería,Ingeniería Mecánica,APV,C,Reprobado,2.55,15/02/2024
EST00088,CUR0002,2024-1,Ciencias Económicas,Administración,AMV,C,Aprobado,3.72,21/05/2024
EST00151,CUR0017,2024-1,Ingeniería,Ingeniería Electrónica,AMV,A,Reprobado,2.38,23/06/2024
EST00056,CUR0087,2024-2,Artes Y Humanidades,Comunicación,APV,A,Matriculado_En_Curso,3.081805745554036,27/07/2024
EST00278,CUR0039,2024-2,Ciencias Económicas,Contaduría,AMV,B,Aprobado,3.06,13/09/2024
EST00392,CUR0087,2024-2,Artes Y Humanidades,Comunicación,APV,A,Matriculado_En_Curso,3.081805745554036,09/11/2024
EST00379,CUR0047,2024-1,Ciencias Económicas,Administración,APV,C,Aprobado,2.92,24/02/2024
EST00077,CUR0031,2024-2,Ingeniería,Ingeniería Mecánica,APV,B,Reprobado,2.47,15/11/2024
EST00186,CUR0072,2024-1,Ciencias Económicas,Administración,AMV,A,Aprobado,3.15,04/04/2024
EST00350,CUR0075,2024-2,Ciencias Económicas,Contaduría,AMV,C,Matriculado_En_Curso,3.081805745554036,15/07/2024
EST00012,CUR0051,2024-2,Ciencias Económicas,Contaduría,AMV,B,Aprobado,3.28,07/11/2024
EST00040,CUR0078,2024-2,Ingeniería,Ingeniería Electrónica,APV,B,Aprobado,3.97,05/12/2024
EST00321,CUR0055,2024-2,Ingeniería,Ingeniería Mecánica,AMV,A,Aprobado,3.24,15/12/2024
EST00395,CUR0029,2024-2,Ciencias Económicas,Contaduría,APV,B,Reprobado,2.07,03/09/2024
EST00064,CUR0041,2024-1,Ingeniería,Ingeniería Mecánica,AMV,B,Aprobado,3.65,30/06/2024
EST00098,CUR0043,2024-2,Ciencias Económicas,Economía,AMV,A,Matriculado_En_Curso,3.081805745554036,16/11/2024
EST00034,CUR0057,2024-1,Artes Y Humanidades,Diseño Gráfico,AMV,C,Matriculado_En_Curso,3.081805745554036,24/01/2024
EST00185,CUR0061,2024-2,Ciencias Económicas,Administración,APV,A,Aprobado,4.02,25/10/2024
EST00369,CUR0091,2024-2,Ingeniería,Ingeniería De Sistemas,APV,B,Aprobado,3.82,09/09/2024
EST00055,CUR0027,2024-2,Ingeniería,Ingeniería Mecánica,AMV,A,Matriculado_En_Curso,3.081805745554036,02/09/2024
EST00241,CUR0059,2024-1,Ciencias Económicas,Administración,APV,A,Reprobado,2.03,05/05/2024
EST00207,CUR0050,2024-1,Ingeniería,Ingeniería De Sistemas,AMV,C,Matriculado_En_Curso,3.081805745554036,09/02/2024
EST00295,CUR0069,2024-2,Ingeniería,Ingeniería De Sistemas,AMV,B,Reprobado,2.48,18/10/2024
EST00256,CUR0005,2024-2,Artes Y Humanidades,Artes Escénicas,AMV,C,Reprobado,1.8,02/09/2024
EST00287,CUR0093,2024-2,Ingeniería,Ingeniería Mecánica,APV,A,Matriculado_En_Curso,3.081805745554036,28/11/2024
EST00324,CUR0019,2024-2,Ciencias Económicas,Administración,AMV,B,Reprobado,2.07,11/12/2024
EST00241,CUR0077,2024-1,Artes Y Humanidades,Comunicación,APV,B,Aprobado,3.12,14/05/2024
EST00366,CUR0083,2024-1,Artes Y Humanidades,Artes Escénicas,AMV,A,Matriculado_En_Curso,3.081805745554036,24/06/2024
EST00154,CUR0059,2024-1,Ciencias Económicas,Administración,APV,C,Matriculado_En_Curso,3.081805745554036,02/04/2024
EST00116,CUR0063,2024-1,Artes Y Humanidades,Comunicación,APV,B,Aprobado,3.7,17/02/2024
EST00049,CUR0033,2024-2,Ingeniería,Ingeniería De Sistemas,APV,B,Aprobado,3.44,05/09/2024
EST00111,CUR0027,2024-2,Ingeniería,Ingeniería Mecánica,APV,B,Cancelado,3.081805745554036,03/09/2024
EST00310,CUR0071,2024-1,Ingeniería,Ingeniería De Sistemas,AMV,A,Aprobado,2.86,11/06/2024
EST00315,CUR0019,2024-2,Ciencias Económicas,Administración,APV,B,Aprobado,3.39,04/11/2024
EST00285,CUR0011,2024-1,Ciencias Económicas,Administración,AMV,A,Aprobado,2.32,27/05/2024
EST00395,CUR0017,2024-1,Ingeniería,Ingeniería Electrónica,AMV,B,Matriculado_En_Curso,3.081805745554036,08/04/2024
EST00150,CUR0098,2024-2,Ciencias Económicas,Contaduría,AMV,A,Reprobado,1.69,13/12/2024
EST00259,CUR0033,2024-2,Ingeniería,Ingeniería De Sistemas,APV,B,Matriculado_En_Curso,3.081805745554036,02/08/2024
EST00092,CUR0032,2024-1,Ciencias Económicas,Contaduría,AMV,C,Reprobado,2.11,27/04/2024
EST00381,CUR0029,2024-2,Ciencias Económicas,Contaduría,APV,A,Matriculado_En_Curso,3.081805745554036,14/10/2024
EST00077,CUR0022,2024-2,Ingeniería,Ingeniería De Sistemas,APV,B,Aprobado,3.32,17/11/2024
EST00007,CUR0067,2024-1,Artes Y Humanidades,Comunicación,AMV,B,Aprobado,3.33,04/06/2024
EST00209,CUR0089,2024-1,Ingeniería,Ingeniería Electrónica,AMV,B,Reprobado,2.09,11/04/2024
EST00400,CUR0027,2024-2,Ingeniería,Ingeniería Mecánica,APV,B,Aprobado,3.74,16/10/2024
EST00224,CUR0006,2024-2,Artes Y Humanidades,Artes Escénicas,APV,A,Reprobado,1.82,25/08/2024
EST00181,CUR0065,2024-1,Ingeniería,Ingeniería De Sistemas,AMV,A,Aprobado,3.42,04/06/2024
EST00197,CUR0040,2024-2,Ingeniería,Ingeniería Mecánica,APV,C,Aprobado,3.63,13/09/2024
EST00161,CUR0033,2024-2,Ingeniería,Ingeniería De Sistemas,APV,C,Cancelado,3.081805745554036,16/10/2024
EST00186,CUR0047,2024-1,Ciencias Económicas,Administración,APV,B,Cancelado,3.081805745554036,06/04/2024
EST00206,CUR0007,2024-1,Artes Y Humanidades,Comunicación,AMV,B,Aprobado,3.53,05/02/2024
EST00238,CUR0059,2024-1,Ciencias Económicas,Administración,APV,A,Reprobado,2.66,02/03/2024
EST00133,CUR0045,2024-1,Artes Y Humanidades,Artes Escénicas,AMV,B,Aprobado,3.74,26/05/2024
EST00125,CUR0039,2024-2,Ciencias Económicas,Contaduría,AMV,A,Aprobado,3.53,18/08/2024
EST00214,CUR0054,2024-2,Ciencias Económicas,Economía,APV,B,Reprobado,2.57,08/10/2024
EST00036,CUR0021,2024-1,Ciencias Económicas,Contaduría,AMV,C,Aprobado,4.2,28/03/2024
EST00363,CUR0072,2024-1,Ciencias Económicas,Administración,AMV,B,Aprobado,3.18,02/06/2024
EST00171,CUR0031,2024-2,Ingeniería,Ingeniería Mecánica,AMV,C,Cancelado,3.081805745554036,01/11/2024
EST00276,CUR0025,2024-1,Ciencias Económicas,Economía,AMV,C,Aprobado,3.36,03/05/2024
EST00232,CUR0079,2024-2,Artes Y Humanidades,Diseño Gráfico,AMV,B,Matriculado_En_Curso,3.081805745554036,05/09/2024
EST00040,CUR0076,2024-1,Artes Y Humanidades,Artes Escénicas,AMV,A,Aprobado,3.8,11/06/2024
EST00159,CUR0027,2024-2,Ingeniería,Ingeniería Mecánica,APV,C,Matriculado_En_Curso,3.081805745554036,28/11/2024
EST00167,CUR0015,2024-2,Ciencias Económicas,Contaduría,APV,C,Aprobado,3.39,11/08/2024
EST00068,CUR0029,2024-2,Ciencias Económicas,Contaduría,APV,B,Reprobado,2.52,28/11/2024
EST00196,CUR0005,2024-2,Artes Y Humanidades,Artes Escénicas,APV,C,Aprobado,3.14,08/09/2024
EST00049,CUR0065,2024-1,Ingeniería,Ingeniería De Sistemas,APV,C,Aprobado,3.6,22/06/2024
EST00286,CUR0015,2024-2,Ciencias Económicas,Contaduría,AMV,C,Reprobado,2.4,12/11/2024
EST00400,CUR0004,2024-1,Ciencias Económicas,Economía,AMV,A,Matriculado_En_Curso,3.081805745554036,16/04/2024
EST00280,CUR0068,2024-1,Artes Y Humanidades,Artes Escénicas,AMV,A,Matriculado_En_Curso,3.081805745554036,20/01/2024
EST00116,CUR0067,2024-1,Artes Y Humanidades,Comunicación,AMV,B,Aprobado,3.84,01/02/2024
EST00167,CUR0053,2024-1,Artes Y Humanidades,Comunicación,APV,A,Matriculado_En_Curso,3.081805745554036,12/02/2024
EST00197,CUR0039,2024-2,Ciencias Económicas,Contaduría,AMV,B,Aprobado,2.68,16/08/2024
EST00009,CUR0061,2024-2,Ciencias Económicas,Administración,AMV,B,Aprobado,2.9,09/11/2024
EST00130,CUR0021,2024-1,Ciencias Económicas,Contaduría,AMV,A,Aprobado,3.47,01/03/2024
EST00331,CUR0030,2024-1,Artes Y Humanidades,Artes Escénicas,AMV,B,Reprobado,2.36,26/03/2024
EST00354,CUR0009,2024-1,Artes Y Humanidades,Comunicación,AMV,B,Reprobado,1.92,04/03/2024
EST00054,CUR0046,2024-2,Ingeniería,Ingeniería Electrónica,APV,A,Matriculado_En_Curso,3.081805745554036,04/11/2024
EST00161,CUR0030,2024-1,Artes Y Humanidades,Artes Escénicas,AMV,A,Reprobado,2.41,10/05/2024
EST00209,CUR0057,2024-1,Artes Y Humanidades,Diseño Gráfico,APV,B,Reprobado,2.19,25/02/2024
EST00241,CUR0049,2024-2,Artes Y Humanidades,Artes Escénicas,APV,A,Aprobado,4.39,17/07/2024
EST00230,CUR0044,2024-1,Artes Y Humanidades,Comunicación,AMV,B,Aprobado,3.23,23/03/2024
EST00100,CUR0059,2024-1,Ciencias Económicas,Administración,APV,C,Reprobado,1.88,02/06/2024
EST00400,CUR0092,2024-2,Ciencias Económicas,Contaduría,APV,B,Aprobado,3.89,13/10/2024
EST00147,CUR0094,2024-1,Artes Y Humanidades,Comunicación,APV,C,Aprobado,3.73,14/05/2024
EST00225,CUR0045,2024-1,Artes Y Humanidades,Artes Escénicas,AMV,B,Reprobado,2.08,03/02/2024
EST00240,CUR0077,2024-1,Artes Y Humanidades,Comunicación,AMV,B,Aprobado,3.06,16/02/2024
EST00351,CUR0040,2024-2,Ingeniería,Ingeniería Mecánica,APV,A,Reprobado,1.42,28/07/2024
EST00060,CUR0061,2024-2,Ciencias Económicas,Administración,AMV,B,Aprobado,3.15,22/11/2024
EST00055,CUR0068,2024-1,Artes Y Humanidades,Artes Escénicas,APV,C,Cancelado,3.081805745554036,21/01/2024
EST00288,CUR0023,2024-1,Ingeniería,Ingeniería De Sistemas,AMV,A,Matriculado_En_Curso,3.081805745554036,21/01/2024
EST00139,CUR0012,2024-1,Artes Y Humanidades,Artes Escénicas,APV,B,Aprobado,3.2,07/05/2024
EST00299,CUR0088,2024-1,Ingeniería,Ingeniería Electrónica,APV,B,Aprobado,3.37,13/02/2024
EST00133,CUR0033,2024-2,Ingeniería,Ingeniería De Sistemas,AMV,B,Aprobado,3.73,03/08/2024
EST00220,CUR0098,2024-2,Ciencias Económicas,Contaduría,APV,A,Aprobado,3.1,23/08/2024
EST00259,CUR0051,2024-2,Ciencias Económicas,Contaduría,APV,B,Matriculado_En_Curso,3.081805745554036,06/11/2024
EST00058,CUR0071,2024-1,Ingeniería,Ingeniería De Sistemas,AMV,B,Aprobado,2.98,20/05/2024
EST00077,CUR0087,2024-2,Artes Y Humanidades,Comunicación,AMV,C,Aprobado,2.48,16/11/2024
EST00161,CUR0062,2024-1,Ciencias Económicas,Contaduría,AMV,C,Aprobado,3.94,07/05/2024
EST00040,CUR0064,2024-1,Ingeniería,Ingeniería Mecánica,AMV,A,Aprobado,2.6,07/03/2024
EST00280,CUR0086,2024-2,Artes Y Humanidades,Comunicación,AMV,A,Reprobado,2.61,13/10/2024
EST00155,CUR0048,2024-2,Ciencias Económicas,Administración,AMV,A,Reprobado,1.96,20/08/2024
EST00245,CUR0093,2024-2,Ingeniería,Ingeniería Mecánica,APV,C,Reprobado,2.23,13/11/2024
EST00030,CUR0041,2024-1,Ingeniería,Ingeniería Mecánica,AMV,B,Matriculado_En_Curso,3.081805745554036,03/04/2024
EST00320,CUR0039,2024-2,Ciencias Económicas,Contaduría,AMV,A,Aprobado,2.6,14/11/2024
EST00279,CUR0015,2024-2,Ciencias Económicas,Contaduría,AMV,B,Matriculado_En_Curso,3.081805745554036,12/10/2024
EST00154,CUR0036,2024-2,Ciencias Económicas,Contaduría,APV,A,Matriculado_En_Curso,3.081805745554036,02/12/2024
EST00029,CUR0035,2024-2,Ciencias Económicas,Contaduría,AMV,A,Aprobado,4.17,24/11/2024
EST00312,CUR0071,2024-1,Ingeniería,Ingeniería De Sistemas,AMV,C,Aprobado,3.12,26/05/2024
EST00258,CUR0049,2024-2,Artes Y Humanidades,Artes Escénicas,APV,A,Reprobado,1.81,06/11/2024
EST00262,CUR0041,2024-1,Ingeniería,Ingeniería Mecánica,APV,C,Aprobado,3.01,20/01/2024
EST00333,CUR0095,2024-1,Ciencias Económicas,Contaduría,APV,C,Cancelado,3.081805745554036,29/02/2024
EST00389,CUR0003,2024-1,Ciencias Económicas,Administración,AMV,B,Aprobado,3.09,16/05/2024
EST00274,CUR0047,2024-1,Ciencias Económicas,Administración,AMV,B,Matriculado_En_Curso,3.081805745554036,18/03/2024
EST00009,CUR0018,2024-2,Ciencias Económicas,Administración,APV,C,Matriculado_En_Curso,3.081805745554036,25/09/2024
EST00254,CUR0072,2024-1,Ciencias Económicas,Administración,AMV,A,Reprobado,1.7,25/04/2024
EST00046,CUR0057,2024-1,Artes Y Humanidades,Diseño Gráfico,APV,C,Aprobado,3.29,09/02/2024
EST00099,CUR0068,2024-1,Artes Y Humanidades,Artes Escénicas,AMV,C,Aprobado,3.72,10/05/2024
EST00318,CUR0090,2024-2,Ciencias Económicas,Administración,AMV,A,Cancelado,3.081805745554036,11/09/2024
EST00180,CUR0033,2024-2,Ingeniería,Ingeniería De Sistemas,APV,A,Aprobado,3.15,07/09/2024
EST00219,CUR0011,2024-1,Ciencias Económicas,Administración,AMV,A,Matriculado_En_Curso,3.081805745554036,06/02/2024
EST00202,CUR0019,2024-2,Ciencias Económicas,Administración,APV,C,Aprobado,3.16,27/08/2024
EST00155,CUR0081,2024-2,Ciencias Económicas,Economía,APV,B,Cancelado,3.081805745554036,10/11/2024
EST00215,CUR0097,2024-1,Ingeniería,Ingeniería Mecánica,AMV,A,Matriculado_En_Curso,3.081805745554036,12/06/2024
EST00200,CUR0064,2024-1,Ingeniería,Ingeniería Mecánica,AMV,B,Matriculado_En_Curso,3.081805745554036,27/05/2024
EST00262,CUR0098,2024-2,Ciencias Económicas,Contaduría,AMV,C,Aprobado,4.1,27/09/2024
EST00289,CUR0057,2024-1,Artes Y Humanidades,Diseño Gráfico,AMV,A,Aprobado,3.4,25/04/2024
EST00110,CUR0023,2024-1,Ingeniería,Ingeniería De Sistemas,APV,B,Aprobado,3.65,20/01/2024
EST00300,CUR0014,2024-1,Artes Y Humanidades,Comunicación,APV,C,Matriculado_En_Curso,3.081805745554036,20/05/2024
EST00153,CUR0094,2024-1,Artes Y Humanidades,Comunicación,APV,C,Cancelado,3.081805745554036,30/03/2024
EST00210,CUR0083,2024-1,Artes Y Humanidades,Artes Escénicas,APV,C,Matriculado_En_Curso,3.081805745554036,18/05/2024
EST00381,CUR0095,2024-1,Ciencias Económicas,Contaduría,APV,C,Aprobado,3.5,13/02/2024
EST00095,CUR0035,2024-2,Ciencias Económicas,Contaduría,APV,C,Aprobado,2.76,06/10/2024
EST00126,CUR0034,2024-2,Ciencias Económicas,Economía,APV,C,Aprobado,4.02,11/11/2024
EST00375,CUR0051,2024-2,Ciencias Económicas,Contaduría,AMV,B,Aprobado,2.95,29/10/2024
EST00342,CUR0009,2024-1,Artes Y Humanidades,Comunicación,APV,C,Aprobado,3.43,06/04/2024
EST00320,CUR0082,2024-2,Ciencias Económicas,Administración,APV,C,Aprobado,3.89,26/11/2024
EST00019,CUR0034,2024-2,Ciencias Económicas,Economía,AMV,B,Matriculado_En_Curso,3.081805745554036,27/07/2024
EST00115,CUR0048,2024-2,Ciencias Económicas,Administración,APV,A,Reprobado,2.93,15/07/2024
EST00377,CUR0041,2024-1,Ingeniería,Ingeniería Mecánica,AMV,C,Reprobado,1.55,03/06/2024
EST00188,CUR0007,2024-1,Artes Y Humanidades,Comunicación,APV,A,Aprobado,3.58,24/03/2024
EST00070,CUR0083,2024-1,Artes Y Humanidades,Artes Escénicas,AMV,B,Aprobado,3.98,10/03/2024
EST00230,CUR0003,2024-1,Ciencias Económicas,Administración,AMV,C,Aprobado,3.97,02/03/2024
EST00145,CUR0073,2024-2,Ingeniería,Ingeniería Mecánica,AMV,A,Reprobado,1.15,25/09/2024
EST00074,CUR0053,2024-1,Artes Y Humanidades,Comunicación,AMV,B,Aprobado,3.75,29/03/2024
EST00062,CUR0045,2024-1,Artes Y Humanidades,Artes Escénicas,APV,B,Reprobado,2.16,23/03/2024
EST00293,CUR0022,2024-2,Ingeniería,Ingeniería De Sistemas,AMV,B,Aprobado,3.45,18/09/2024
EST00063,CUR0084,2024-1,Ciencias Económicas,Economía,AMV,C,Aprobado,3.61,24/03/2024
EST00007,CUR0042,2024-2,Artes Y Humanidades,Artes Escénicas,APV,C,Cancelado,3.081805745554036,05/11/2024
EST00263,CUR0071,2024-1,Ingeniería,Ingeniería De Sistemas,AMV,B,Aprobado,4.34,10/03/2024
EST00270,CUR0006,2024-2,Artes Y Humanidades,Artes Escénicas,AMV,B,Cancelado,3.081805745554036,13/08/2024
EST00187,CUR0034,2024-2,Ciencias Económicas,Economía,APV,A,Aprobado,3.66,04/11/2024
EST00336,CUR0060,2024-1,Ciencias Económicas,Administración,APV,A,Aprobado,3.74,04/05/2024
EST00390,CUR0057,2024-1,Artes Y Humanidades,Diseño Gráfico,APV,A,Aprobado,3.94,02/05/2024
EST00037,CUR0069,2024-2,Ingeniería,Ingeniería De Sistemas,APV,A,Aprobado,3.6,14/10/2024
EST00050,CUR0030,2024-1,Artes Y Humanidades,Artes Escénicas,AMV,B,Aprobado,3.45,02/03/2024
EST00039,CUR0054,2024-2,Ciencias Económicas,Economía,APV,C,Reprobado,2.99,28/09/2024
EST00311,CUR0032,2024-1,Ciencias Económicas,Contaduría,APV,A,Cancelado,3.081805745554036,18/06/2024
EST00205,CUR0061,2024-2,Ciencias Económicas,Administración,AMV,A,Aprobado,3.63,08/09/2024
EST00380,CUR0038,2024-1,Ingeniería,Ingeniería De Sistemas,APV,A,Cancelado,3.081805745554036,16/04/2024
EST00186,CUR0069,2024-2,Ingeniería,Ingeniería De Sistemas,AMV,C,Reprobado,1.83,02/12/2024
EST00235,CUR0016,2024-1,Ciencias Económicas,Economía,AMV,A,Matriculado_En_Curso,3.081805745554036,06/05/2024
EST00067,CUR0025,2024-1,Ciencias Económicas,Economía,APV,A,Aprobado,3.83,11/06/2024
EST00114,CUR0047,2024-1,Ciencias Económicas,Administración,APV,C,Aprobado,4.09,20/01/2024
EST00269,CUR0058,2024-1,Ingeniería,Ingeniería Mecánica,APV,B,Matriculado_En_Curso,3.081805745554036,09/06/2024
EST00017,CUR0025,2024-1,Ciencias Económicas,Economía,APV,A,Aprobado,3.38,15/05/2024
EST00359,CUR0029,2024-2,Ciencias Económicas,Contaduría,APV,B,Aprobado,2.82,13/09/2024
EST00077,CUR0069,2024-2,Ingeniería,Ingeniería De Sistemas,APV,B,Aprobado,3.91,05/11/2024
EST00321,CUR0088,2024-1,Ingeniería,Ingeniería Electrónica,APV,C,Aprobado,3.4,15/03/2024
EST00196,CUR0007,2024-1,Artes Y Humanidades,Comunicación,AMV,B,Aprobado,3.08,28/03/2024
EST00310,CUR0017,2024-1,Ingeniería,Ingeniería Electrónica,APV,A,Cancelado,3.081805745554036,02/04/2024
EST00025,CUR0033,2024-2,Ingeniería,Ingeniería De Sistemas,AMV,A,Aprobado,3.36,28/09/2024
EST00248,CUR0005,2024-2,Artes Y Humanidades,Artes Escénicas,AMV,A,Aprobado,2.43,25/09/2024
EST00191,CUR0067,2024-1,Artes Y Humanidades,Comunicación,APV,C,Reprobado,2.4,05/06/2024
EST00026,CUR0063,2024-1,Artes Y Humanidades,Comunicación,AMV,A,Aprobado,3.48,06/06/2024
EST00163,CUR0067,2024-1,Artes Y Humanidades,Comunicación,AMV,B,Reprobado,2.67,08/03/2024
EST00225,CUR0065,2024-1,Ingeniería,Ingeniería De Sistemas,AMV,A,Cancelado,3.081805745554036,11/06/2024
EST00214,CUR0072,2024-1,Ciencias Económicas,Administración,APV,C,Matriculado_En_Curso,3.081805745554036,24/04/2024
EST00390,CUR0038,2024-1,Ingeniería,Ingeniería De Sistemas,APV,A,Reprobado,2.29,15/04/2024
EST00350,CUR0084,2024-1,Ciencias Económicas,Economía,AMV,C,Reprobado,2.55,21/04/2024
EST00157,CUR0058,2024-1,Ingeniería,Ingeniería Mecánica,APV,B,Reprobado,2.33,18/03/2024
EST00203,CUR0100,2024-2,Artes Y Humanidades,Comunicación,APV,C,Cancelado,3.081805745554036,05/10/2024
EST00321,CUR0046,2024-2,Ingeniería,Ingeniería Electrónica,AMV,A,Aprobado,3.43,12/09/2024
EST00220,CUR0060,2024-1,Ciencias Económicas,Administración,APV,C,Aprobado,3.75,04/03/2024
EST00195,CUR0075,2024-2,Ciencias Económicas,Contaduría,APV,C,Aprobado,3.27,10/11/2024
EST00314,CUR0002,2024-1,Ciencias Económicas,Administración,AMV,C,Aprobado,3.44,04/03/2024
EST00382,CUR0018,2024-2,Ciencias Económicas,Administración,APV,C,Aprobado,2.61,20/08/2024
EST00146,CUR0001,2024-2,Ingeniería,Ingeniería Electrónica,AMV,B,Reprobado,1.74,01/11/2024
EST00369,CUR0062,2024-1,Ciencias Económicas,Contaduría,APV,B,Matriculado_En_Curso,3.081805745554036,29/01/2024
EST00303,CUR0031,2024-2,Ingeniería,Ingeniería Mecánica,APV,A,Cancelado,3.081805745554036,19/08/2024
EST00246,CUR0084,2024-1,Ciencias Económicas,Economía,AMV,C,Reprobado,1.7,03/04/2024
EST00160,CUR0024,2024-2,Ingeniería,Ingeniería Electrónica,AMV,A,Matriculado_En_Curso,3.081805745554036,10/10/2024
EST00129,CUR0065,2024-1,Ingeniería,Ingeniería De Sistemas,APV,A,Aprobado,3.31,26/06/2024
EST00286,CUR0010,2024-1,Ingeniería,Ingeniería Electrónica,APV,B,Aprobado,3.6,22/04/2024
EST00313,CUR0017,2024-1,Ingeniería,Ingeniería Electrónica,APV,B,Reprobado,2.1,17/03/2024
EST00251,CUR0085,2024-2,Artes Y Humanidades,Diseño Gráfico,AMV,B,Reprobado,2.38,06/12/2024
EST00366,CUR0098,2024-2,Ciencias Económicas,Contaduría,AMV,B,Aprobado,3.24,12/11/2024
EST00261,CUR0055,2024-2,Ingeniería,Ingeniería Mecánica,AMV,A,Cancelado,3.081805745554036,24/08/2024
EST00128,CUR0083,2024-1,Artes Y Humanidades,Artes Escénicas,APV,A,Reprobado,2.14,20/05/2024
EST00168,CUR0080,2024-2,Ciencias Económicas,Economía,APV,B,Reprobado,2.81,18/08/2024
EST00060,CUR0016,2024-1,Ciencias Económicas,Economía,AMV,C,Aprobado,3.0,07/05/2024
EST00258,CUR0027,2024-2,Ingeniería,Ingeniería Mecánica,AMV,A,Matriculado_En_Curso,3.081805745554036,06/09/2024
EST00080,CUR0004,2024-1,Ciencias Económicas,Economía,AMV,C,Matriculado_En_Curso,3.081805745554036,29/01/2024
EST00102,CUR0092,2024-2,Ciencias Económicas,Contaduría,AMV,A,Aprobado,3.33,04/10/2024
EST00110,CUR0024,2024-2,Ingeniería,Ingeniería Electrónica,APV,A,Aprobado,2.94,20/09/2024
EST00107,CUR0008,2024-1,Artes Y Humanidades,Comunicación,AMV,A,Matriculado_En_Curso,3.081805745554036,13/02/2024
EST00226,CUR0099,2024-2,Artes Y Humanidades,Comunicación,APV,A,Cancelado,3.081805745554036,15/07/2024
EST00358,CUR0057,2024-1,Artes Y Humanidades,Diseño Gráfico,APV,C,Aprobado,2.47,26/06/2024
EST00300,CUR0010,2024-1,Ingeniería,Ingeniería Electrónica,AMV,B,Aprobado,4.05,03/02/2024
EST00276,CUR0029,2024-2,Ciencias Económicas,Contaduría,AMV,A,Aprobado,3.53,10/10/2024
EST00356,CUR0059,2024-1,Ciencias Económicas,Administración,AMV,C,Aprobado,3.2,11/03/2024
EST00188,CUR0068,2024-1,Artes Y Humanidades,Artes Escénicas,APV,C,Cancelado,3.081805745554036,14/05/2024
EST00327,CUR0016,2024-1,Ciencias Económicas,Economía,APV,C,Reprobado,2.48,19/06/2024
EST00196,CUR0028,2024-2,Ingeniería,Ingeniería De Sistemas,APV,B,Matriculado_En_Curso,3.081805745554036,05/11/2024
EST00300,CUR0050,2024-1,Ingeniería,Ingeniería De Sistemas,APV,B,Aprobado,3.09,08/05/2024
EST00200,CUR0084,2024-1,Ciencias Económicas,Economía,AMV,B,Aprobado,3.3,24/06/2024
EST00056,CUR0017,2024-1,Ingeniería,Ingeniería Electrónica,AMV,B,Aprobado,3.5,25/02/2024
EST00320,CUR0020,2024-2,Artes Y Humanidades,Comunicación,AMV,B,Reprobado,2.05,23/10/2024
EST00250,CUR0040,2024-2,Ingeniería,Ingeniería Mecánica,APV,A,Aprobado,4.35,23/08/2024
EST00054,CUR0042,2024-2,Artes Y Humanidades,Artes Escénicas,APV,A,Aprobado,3.05,10/09/2024
EST00261,CUR0092,2024-2,Ciencias Económicas,Contaduría,AMV,A,Matriculado_En_Curso,3.081805745554036,12/09/2024
EST00283,CUR0072,2024-1,Ciencias Económicas,Administración,APV,C,Reprobado,2.39,29/04/2024
EST00189,CUR0006,2024-2,Artes Y Humanidades,Artes Escénicas,AMV,B,Aprobado,4.13,29/10/2024
EST00400,CUR0055,2024-2,Ingeniería,Ingeniería Mecánica,AMV,A,Aprobado,2.59,28/08/2024
EST00195,CUR0084,2024-1,Ciencias Económicas,Economía,APV,A,Aprobado,4.61,25/01/2024
EST00254,CUR0040,2024-2,Ingeniería,Ingeniería Mecánica,APV,C,Aprobado,4.07,08/09/2024
EST00183,CUR0096,2024-2,Ciencias Económicas,Contaduría,APV,A,Aprobado,2.92,04/12/2024
EST00033,CUR0027,2024-2,Ingeniería,Ingeniería Mecánica,AMV,A,Aprobado,2.84,09/11/2024
EST00284,CUR0071,2024-1,Ingeniería,Ingeniería De Sistemas,AMV,B,Reprobado,1.88,24/05/2024
EST00300,CUR0046,2024-2,Ingeniería,Ingeniería Electrónica,APV,B,Reprobado,1.99,30/11/2024
EST00333,CUR0006,2024-2,Artes Y Humanidades,Artes Escénicas,AMV,C,Reprobado,2.51,28/07/2024
EST00015,CUR0021,2024-1,Ciencias Económicas,Contaduría,AMV,A,Aprobado,3.21,27/01/2024
EST00300,CUR0064,2024-1,Ingeniería,Ingeniería Mecánica,AMV,C,Reprobado,1.5,31/01/2024
EST00023,CUR0003,2024-1,Ciencias Económicas,Administración,APV,A,Aprobado,3.75,23/05/2024
EST00104,CUR0073,2024-2,Ingeniería,Ingeniería Mecánica,APV,C,Aprobado,4.17,03/09/2024
EST00182,CUR0003,2024-1,Ciencias Económicas,Administración,AMV,C,Matriculado_En_Curso,3.081805745554036,07/02/2024
EST00089,CUR0095,2024-1,Ciencias Económicas,Contaduría,AMV,B,Aprobado,3.7,29/04/2024
EST00315,CUR0074,2024-2,Ingeniería,Ingeniería Mecánica,AMV,B,Cancelado,3.081805745554036,15/10/2024
EST00343,CUR0032,2024-1,Ciencias Económicas,Contaduría,AMV,A,Reprobado,2.56,08/06/2024
EST00246,CUR0069,2024-2,Ingeniería,Ingeniería De Sistemas,AMV,A,Reprobado,2.46,27/08/2024
EST00185,CUR0013,2024-2,Ciencias Económicas,Contaduría,APV,C,Reprobado,1.97,27/10/2024
EST00064,CUR0060,2024-1,Ciencias Económicas,Administración,APV,A,Aprobado,4.14,25/03/2024
EST00335,CUR0022,2024-2,Ingeniería,Ingeniería De Sistemas,APV,C,Matriculado_En_Curso,3.081805745554036,14/11/2024
EST00260,CUR0022,2024-2,Ingeniería,Ingeniería De Sistemas,AMV,A,Aprobado,2.43,08/10/2024
EST00273,CUR0027,2024-2,Ingeniería,Ingeniería Mecánica,AMV,C,Aprobado,3.19,27/07/2024
EST00281,CUR0098,2024-2,Ciencias Económicas,Contaduría,APV,B,Reprobado,2.54,22/08/2024
EST00203,CUR0064,2024-1,Ingeniería,Ingeniería Mecánica,APV,C,Aprobado,2.66,22/05/2024
EST00394,CUR0077,2024-1,Artes Y Humanidades,Comunicación,AMV,A,Aprobado,3.14,29/05/2024
EST00145,CUR0074,2024-2,Ingeniería,Ingeniería Mecánica,AMV,A,Aprobado,4.3,18/09/2024
EST00343,CUR0012,2024-1,Artes Y Humanidades,Artes Escénicas,APV,A,Aprobado,3.77,07/06/2024
EST00315,CUR0054,2024-2,Ciencias Económicas,Economía,APV,C,Aprobado,3.35,10/11/2024
EST00375,CUR0043,2024-2,Ciencias Económicas,Economía,AMV,C,Aprobado,2.25,12/08/2024
EST00287,CUR0051,2024-2,Ciencias Económicas,Contaduría,APV,A,Aprobado,3.98,27/10/2024
EST00141,CUR0023,2024-1,Ingeniería,Ingeniería De Sistemas,APV,C,Cancelado,3.081805745554036,06/02/2024
EST00192,CUR0055,2024-2,Ingeniería,Ingeniería Mecánica,AMV,C,Aprobado,4.14,01/11/2024
EST00175,CUR0042,2024-2,Artes Y Humanidades,Artes Escénicas,AMV,B,Aprobado,3.68,19/09/2024
EST00099,CUR0027,2024-2,Ingeniería,Ingeniería Mecánica,APV,A,Matriculado_En_Curso,3.081805745554036,17/10/2024
EST00291,CUR0041,2024-1,Ingeniería,Ingeniería Mecánica,APV,C,Reprobado,2.31,30/06/2024
EST00250,CUR0027,2024-2,Ingeniería,Ingeniería Mecánica,AMV,A,Aprobado,3.72,10/08/2024
EST00399,CUR0064,2024-1,Ingeniería,Ingeniería Mecánica,APV,C,Reprobado,2.05,22/02/2024
EST00184,CUR0041,2024-1,Ingeniería,Ingeniería Mecánica,AMV,A,Reprobado,1.97,16/03/2024
EST00387,CUR0040,2024-2,Ingeniería,Ingeniería Mecánica,APV,B,Aprobado,3.86,25/10/2024
EST00130,CUR0099,2024-2,Artes Y Humanidades,Comunicación,AMV,A,Aprobado,3.96,08/08/2024
EST00391,CUR0015,2024-2,Ciencias Económicas,Contaduría,AMV,C,Reprobado,1.36,22/07/2024
EST00020,CUR0075,2024-2,Ciencias Económicas,Contaduría,AMV,C,Matriculado_En_Curso,3.081805745554036,17/09/2024
EST00245,CUR0006,2024-2,Artes Y Humanidades,Artes Escénicas,APV,C,Reprobado,1.54,12/08/2024
EST00339,CUR0040,2024-2,Ingeniería,Ingeniería Mecánica,AMV,A,Aprobado,3.22,22/07/2024
EST00037,CUR0041,2024-1,Ingeniería,Ingeniería Mecánica,AMV,B,Aprobado,3.48,28/06/2024
EST00097,CUR0055,2024-2,Ingeniería,Ingeniería Mecánica,AMV,C,Aprobado,3.81,03/11/2024
EST00376,CUR0077,2024-1,Artes Y Humanidades,Comunicación,APV,B,Reprobado,2.08,19/05/2024
EST00064,CUR0086,2024-2,Artes Y Humanidades,Comunicación,AMV,C,Aprobado,3.5,20/11/2024
EST00294,CUR0070,2024-2,Artes Y Humanidades,Artes Escénicas,AMV,C,Reprobado,1.98,02/10/2024
EST00122,CUR0059,2024-1,Ciencias Económicas,Administración,AMV,C,Aprobado,2.69,27/03/2024
EST00400,CUR0039,2024-2,Ciencias Económicas,Contaduría,APV,B,Aprobado,2.81,04/12/2024
EST00147,CUR0073,2024-2,Ingeniería,Ingeniería Mecánica,APV,C,Aprobado,3.26,22/09/2024
EST00156,CUR0024,2024-2,Ingeniería,Ingeniería Electrónica,AMV,A,Aprobado,3.18,05/11/2024
EST00313,CUR0066,2024-1,Ciencias Económicas,Administración,AMV,B,Aprobado,3.35,28/05/2024
EST00116,CUR0047,2024-1,Ciencias Económicas,Administración,AMV,C,Aprobado,3.24,29/05/2024
EST00292,CUR0054,2024-2,Ciencias Económicas,Economía,APV,B,Reprobado,2.48,23/07/2024
EST00252,CUR0043,2024-2,Ciencias Económicas,Economía,APV,B,Reprobado,2.28,03/12/2024
EST00306,CUR0005,2024-2,Artes Y Humanidades,Artes Escénicas,AMV,C,Matriculado_En_Curso,3.081805745554036,28/10/2024
EST00013,CUR0038,2024-1,Ingeniería,Ingeniería De Sistemas,APV,A,Aprobado,3.82,05/05/2024
EST00066,CUR0075,2024-2,Ciencias Económicas,Contaduría,APV,A,Matriculado_En_Curso,3.081805745554036,09/12/2024
EST00104,CUR0051,2024-2,Ciencias Económicas,Contaduría,APV,A,Aprobado,3.25,21/11/2024
EST00318,CUR0055,2024-2,Ingeniería,Ingeniería Mecánica,AMV,C,Aprobado,3.31,30/10/2024
EST00324,CUR0051,2024-2,Ciencias Económicas,Contaduría,APV,B,Aprobado,4.2,29/09/2024
EST00364,CUR0090,2024-2,Ciencias Económicas,Administración,APV,A,Aprobado,3.74,15/12/2024
EST00184,CUR0072,2024-1,Ciencias Económicas,Administración,AMV,B,Reprobado,2.07,14/04/2024
EST00309,CUR0073,2024-2,Ingeniería,Ingeniería Mecánica,AMV,A,Matriculado_En_Curso,3.081805745554036,13/11/2024
EST00080,CUR0026,2024-1,Ingeniería,Ingeniería De Sistemas,APV,A,Aprobado,3.72,14/02/2024
EST00388,CUR0096,2024-2,Ciencias Económicas,Contaduría,APV,A,Aprobado,3.27,05/10/2024
EST00253,CUR0052,2024-1,Artes Y Humanidades,Artes Escénicas,AMV,A,Reprobado,2.12,01/02/2024
EST00211,CUR0073,2024-2,Ingeniería,Ingeniería Mecánica,APV,C,Aprobado,3.95,12/10/2024
EST00176,CUR0025,2024-1,Ciencias Económicas,Economía,AMV,A,Reprobado,1.47,26/05/2024
EST00138,CUR0039,2024-2,Ciencias Económicas,Contaduría,AMV,C,Aprobado,3.88,08/12/2024
EST00129,CUR0084,2024-1,Ciencias Económicas,Economía,APV,C,Aprobado,3.92,19/04/2024
EST00388,CUR0077,2024-1,Artes Y Humanidades,Comunicación,AMV,B,Aprobado,3.09,20/01/2024
EST00095,CUR0070,2024-2,Artes Y Humanidades,Artes Escénicas,AMV,C,Matriculado_En_Curso,3.081805745554036,24/11/2024
EST00086,CUR0047,2024-1,Ciencias Económicas,Administración,APV,B,Reprobado,2.82,13/04/2024
EST00276,CUR0051,2024-2,Ciencias Económicas,Contaduría,APV,A,Matriculado_En_Curso,3.081805745554036,21/08/2024
EST00041,CUR0005,2024-2,Artes Y Humanidades,Artes Escénicas,AMV,B,Reprobado,2.31,06/12/2024
EST00302,CUR0095,2024-1,Ciencias Económicas,Contaduría,AMV,A,Aprobado,2.99,24/04/2024
EST00161,CUR0074,2024-2,Ingeniería,Ingeniería Mecánica,APV,A,Matriculado_En_Curso,3.081805745554036,10/08/2024
EST00195,CUR0012,2024-1,Artes Y Humanidades,Artes Escénicas,AMV,A,Reprobado,1.99,22/05/2024
EST00155,CUR0009,2024-1,Artes Y Humanidades,Comunicación,AMV,A,Aprobado,2.98,07/06/2024
EST00310,CUR0038,2024-1,Ingeniería,Ingeniería De Sistemas,AMV,C,Aprobado,2.95,18/02/2024
EST00378,CUR0032,2024-1,Ciencias Económicas,Contaduría,AMV,C,Aprobado,2.65,27/02/2024
EST00337,CUR0089,2024-1,Ingeniería,Ingeniería Electrónica,APV,C,Aprobado,3.71,09/03/2024
EST00284,CUR0082,2024-2,Ciencias Económicas,Administración,APV,B,Matriculado_En_Curso,3.081805745554036,05/11/2024
EST00322,CUR0089,2024-1,Ingeniería,Ingeniería Electrónica,APV,B,Aprobado,3.48,22/06/2024
EST00353,CUR0018,2024-2,Ciencias Económicas,Administración,APV,C,Reprobado,2.54,14/12/2024
EST00045,CUR0059,2024-1,Ciencias Económicas,Administración,AMV,B,Reprobado,1.72,27/03/2024
EST00166,CUR0095,2024-1,Ciencias Económicas,Contaduría,APV,B,Reprobado,2.52,26/06/2024
EST00234,CUR0001,2024-2,Ingeniería,Ingeniería Electrónica,AMV,A,Aprobado,3.49,19/09/2024
EST00031,CUR0032,2024-1,Ciencias Económicas,Contaduría,AMV,B,Reprobado,2.18,19/02/2024
EST00210,CUR0085,2024-2,Artes Y Humanidades,Diseño Gráfico,APV,B,Reprobado,1.8,03/12/2024
EST00230,CUR0030,2024-1,Artes Y Humanidades,Artes Escénicas,AMV,B,Reprobado,2.33,12/03/2024
EST00152,CUR0066,2024-1,Ciencias Económicas,Administración,APV,C,Aprobado,4.44,12/05/2024
EST00335,CUR0061,2024-2,Ciencias Económicas,Administración,AMV,B,Matriculado_En_Curso,3.081805745554036,10/09/2024
EST00349,CUR0100,2024-2,Artes Y Humanidades,Comunicación,AMV,A,Aprobado,3.57,22/08/2024
EST00259,CUR0067,2024-1,Artes Y Humanidades,Comunicación,APV,B,Aprobado,3.3,21/01/2024
EST00166,CUR0064,2024-1,Ingeniería,Ingeniería Mecánica,AMV,B,Matriculado_En_Curso,3.081805745554036,17/05/2024
EST00340,CUR0019,2024-2,Ciencias Económicas,Administración,APV,C,Aprobado,3.45,11/12/2024
EST00362,CUR0096,2024-2,Ciencias Económicas,Contaduría,AMV,A,Matriculado_En_Curso,3.081805745554036,31/10/2024
EST00029,CUR0084,2024-1,Ciencias Económicas,Economía,APV,B,Aprobado,3.62,07/04/2024
EST00303,CUR0027,2024-2,Ingeniería,Ingeniería Mecánica,AMV,B,Aprobado,3.5,19/11/2024
EST00040,CUR0033,2024-2,Ingeniería,Ingeniería De Sistemas,AMV,B,Aprobado,4.01,21/10/2024
EST00299,CUR0098,2024-2,Ciencias Económicas,Contaduría,APV,A,Matriculado_En_Curso,3.081805745554036,30/07/2024
EST00256,CUR0019,2024-2,Ciencias Económicas,Administración,APV,A,Matriculado_En_Curso,3.081805745554036,18/07/2024
EST00087,CUR0031,2024-2,Ingeniería,Ingeniería Mecánica,AMV,C,Matriculado_En_Curso,3.081805745554036,24/07/2024
EST00350,CUR0041,2024-1,Ingeniería,Ingeniería Mecánica,AMV,C,Matriculado_En_Curso,3.081805745554036,24/02/2024
EST00147,CUR0056,2024-2,Artes Y Humanidades,Diseño Gráfico,AMV,A,Aprobado,2.62,14/12/2024
EST00313,CUR0035,2024-2,Ciencias Económicas,Contaduría,APV,C,Aprobado,3.07,13/10/2024
EST00253,CUR0008,2024-1,Artes Y Humanidades,Comunicación,APV,A,Matriculado_En_Curso,3.081805745554036,03/02/2024
EST00108,CUR0002,2024-1,Ciencias Económicas,Administración,AMV,A,Reprobado,1.08,06/03/2024
EST00379,CUR0092,2024-2,Ciencias Económicas,Contaduría,AMV,A,Matriculado_En_Curso,3.081805745554036,17/09/2024
EST00383,CUR0044,2024-1,Artes Y Humanidades,Comunicación,AMV,A,Cancelado,3.081805745554036,19/03/2024
EST00259,CUR0069,2024-2,Ingeniería,Ingeniería De Sistemas,AMV,C,Cancelado,3.081805745554036,06/10/2024
EST00159,CUR0054,2024-2,Ciencias Económicas,Economía,AMV,A,Matriculado_En_Curso,3.081805745554036,28/11/2024
EST00068,CUR0086,2024-2,Artes Y Humanidades,Comunicación,APV,A,Aprobado,3.56,11/11/2024
EST00350,CUR0037,2024-2,Ciencias Económicas,Economía,AMV,C,Aprobado,3.22,27/11/2024
EST00061,CUR0066,2024-1,Ciencias Económicas,Administración,APV,B,Aprobado,3.21,04/05/2024
EST00287,CUR0031,2024-2,Ingeniería,Ingeniería Mecánica,APV,A,Aprobado,3.18,06/08/2024
EST00018,CUR0088,2024-1,Ingeniería,Ingeniería Electrónica,AMV,B,Aprobado,4.38,05/06/2024
EST00190,CUR0076,2024-1,Artes Y Humanidades,Artes Escénicas,AMV,B,Aprobado,3.47,24/01/2024
EST00378,CUR0021,2024-1,Ciencias Económicas,Contaduría,APV,C,Matriculado_En_Curso,3.081805745554036,10/05/2024
EST00050,CUR0033,2024-2,Ingeniería,Ingeniería De Sistemas,AMV,B,Matriculado_En_Curso,3.081805745554036,08/09/2024
EST00317,CUR0015,2024-2,Ciencias Económicas,Contaduría,APV,A,Matriculado_En_Curso,3.081805745554036,21/11/2024
EST00324,CUR0003,2024-1,Ciencias Económicas,Administración,APV,B,Cancelado,3.081805745554036,28/01/2024
EST00129,CUR0037,2024-2,Ciencias Económicas,Economía,AMV,A,Reprobado,1.73,06/11/2024
EST00307,CUR0064,2024-1,Ingeniería,Ingeniería Mecánica,APV,B,Aprobado,3.64,20/03/2024
EST00247,CUR0084,2024-1,Ciencias Económicas,Economía,AMV,C,Aprobado,3.69,10/06/2024
EST00044,CUR0007,2024-1,Artes Y Humanidades,Comunicación,APV,A,Reprobado,3.11,06/05/2024
EST00162,CUR0023,2024-1,Ingeniería,Ingeniería De Sistemas,APV,C,Aprobado,3.66,31/01/2024
EST00065,CUR0066,2024-1,Ciencias Económicas,Administración,APV,C,Cancelado,3.081805745554036,26/02/2024
EST00026,CUR0092,2024-2,Ciencias Económicas,Contaduría,AMV,C,Aprobado,2.19,18/11/2024
EST00009,CUR0067,2024-1,Artes Y Humanidades,Comunicación,AMV,A,Aprobado,2.95,22/06/2024
EST00062,CUR0088,2024-1,Ingeniería,Ingeniería Electrónica,APV,A,Aprobado,3.98,29/03/2024
EST00258,CUR0037,2024-2,Ciencias Económicas,Economía,AMV,B,Matriculado_En_Curso,3.081805745554036,07/08/2024
EST00076,CUR0081,2024-2,Ciencias Económicas,Economía,APV,C,Reprobado,2.88,13/12/2024
EST00191,CUR0090,2024-2,Ciencias Económicas,Administración,AMV,A,Aprobado,3.59,26/11/2024
EST00222,CUR0039,2024-2,Ciencias Económicas,Contaduría,APV,A,Aprobado,3.4,22/09/2024
EST00055,CUR0011,2024-1,Ciencias Económicas,Administración,APV,C,Matriculado_En_Curso,3.081805745554036,29/02/2024
EST00081,CUR0025,2024-1,Ciencias Económicas,Economía,AMV,C,Reprobado,1.74,18/04/2024
EST00251,CUR0090,2024-2,Ciencias Económicas,Administración,APV,C,Reprobado,2.67,12/08/2024
EST00239,CUR0074,2024-2,Ingeniería,Ingeniería Mecánica,APV,A,Aprobado,3.55,23/09/2024
EST00199,CUR0082,2024-2,Ciencias Económicas,Administración,APV,B,Aprobado,3.3,14/08/2024
EST00207,CUR0092,2024-2,Ciencias Económicas,Contaduría,APV,A,Matriculado_En_Curso,3.081805745554036,29/11/2024
EST00084,CUR0016,2024-1,Ciencias Económicas,Economía,APV,B,Aprobado,2.77,01/05/2024
EST00352,CUR0095,2024-1,Ciencias Económicas,Contaduría,AMV,C,Matriculado_En_Curso,3.081805745554036,31/05/2024
EST00027,CUR0051,2024-2,Ciencias Económicas,Contaduría,APV,B,Aprobado,3.0,11/08/2024
EST00129,CUR0089,2024-1,Ingeniería,Ingeniería Electrónica,AMV,A,Aprobado,3.73,10/06/2024
EST00074,CUR0086,2024-2,Artes Y Humanidades,Comunicación,AMV,B,Aprobado,3.4,29/09/2024
EST00300,CUR0049,2024-2,Artes Y Humanidades,Artes Escénicas,APV,C,Matriculado_En_Curso,3.081805745554036,11/11/2024
EST00399,CUR0093,2024-2,Ingeniería,Ingeniería Mecánica,AMV,A,Aprobado,2.7,27/11/2024
EST00319,CUR0075,2024-2,Ciencias Económicas,Contaduría,APV,A,Aprobado,3.6,29/08/2024
EST00209,CUR0054,2024-2,Ciencias Económicas,Economía,AMV,B,Aprobado,3.78,09/11/2024
EST00220,CUR0019,2024-2,Ciencias Económicas,Administración,AMV,C,Aprobado,2.92,18/09/2024
EST00265,CUR0043,2024-2,Ciencias Económicas,Economía,AMV,C,Cancelado,3.081805745554036,21/07/2024
EST00034,CUR0009,2024-1,Artes Y Humanidades,Comunicación,APV,C,Aprobado,3.65,12/05/2024
EST00264,CUR0001,2024-2,Ingeniería,Ingeniería Electrónica,APV,C,Aprobado,3.59,16/07/2024
EST00038,CUR0091,2024-2,Ingeniería,Ingeniería De Sistemas,AMV,B,Matriculado_En_Curso,3.081805745554036,28/07/2024
EST00286,CUR0077,2024-1,Artes Y Humanidades,Comunicación,APV,C,Aprobado,3.34,19/02/2024
EST00105,CUR0033,2024-2,Ingeniería,Ingeniería De Sistemas,AMV,A,Aprobado,3.73,01/12/2024
EST00052,CUR0071,2024-1,Ingeniería,Ingeniería De Sistemas,APV,B,Aprobado,3.88,18/02/2024
EST00105,CUR0060,2024-1,Ciencias Económicas,Administración,AMV,A,Reprobado,2.59,23/04/2024
EST00043,CUR0024,2024-2,Ingeniería,Ingeniería Electrónica,APV,C,Aprobado,3.32,08/12/2024
EST00102,CUR0055,2024-2,Ingeniería,Ingeniería Mecánica,AMV,C,Matriculado_En_Curso,3.081805745554036,15/09/2024
EST00343,CUR0030,2024-1,Artes Y Humanidades,Artes Escénicas,APV,B,Reprobado,2.47,25/05/2024
EST00248,CUR0037,2024-2,Ciencias Económicas,Economía,APV,A,Aprobado,2.81,17/09/2024
EST00286,CUR0022,2024-2,Ingeniería,Ingeniería De Sistemas,APV,C,Cancelado,3.081805745554036,13/12/2024
EST00164,CUR0036,2024-2,Ciencias Económicas,Contaduría,AMV,C,Cancelado,3.081805745554036,21/08/2024
EST00306,CUR0018,2024-2,Ciencias Económicas,Administración,AMV,B,Cancelado,3.081805745554036,28/07/2024
EST00243,CUR0070,2024-2,Artes Y Humanidades,Artes Escénicas,APV,C,Cancelado,3.081805745554036,24/07/2024
EST00112,CUR0073,2024-2,Ingeniería,Ingeniería Mecánica,AMV,B,Aprobado,3.91,03/11/2024
EST00277,CUR0039,2024-2,Ciencias Económicas,Contaduría,AMV,C,Aprobado,3.06,07/08/2024
EST00366,CUR0025,2024-1,Ciencias Económicas,Economía,APV,C,Aprobado,2.91,17/03/2024
EST00266,CUR0054,2024-2,Ciencias Económicas,Economía,AMV,B,Aprobado,3.56,08/08/2024
EST00036,CUR0041,2024-1,Ingeniería,Ingeniería Mecánica,AMV,A,Aprobado,3.19,19/06/2024
EST00033,CUR0080,2024-2,Ciencias Económicas,Economía,AMV,C,Matriculado_En_Curso,3.081805745554036,29/09/2024
EST00098,CUR0030,2024-1,Artes Y Humanidades,Artes Escénicas,AMV,C,Aprobado,3.27,22/06/2024
EST00027,CUR0095,2024-1,Ciencias Económicas,Contaduría,APV,A,Aprobado,3.93,25/04/2024
EST00327,CUR0064,2024-1,Ingeniería,Ingeniería Mecánica,APV,A,Matriculado_En_Curso,3.081805745554036,25/02/2024
EST00309,CUR0036,2024-2,Ciencias Económicas,Contaduría,APV,B,Matriculado_En_Curso,3.081805745554036,27/11/2024
EST00094,CUR0083,2024-1,Artes Y Humanidades,Artes Escénicas,AMV,B,Reprobado,2.93,23/05/2024
EST00094,CUR0058,2024-1,Ingeniería,Ingeniería Mecánica,APV,B,Aprobado,3.12,04/04/2024
EST00138,CUR0024,2024-2,Ingeniería,Ingeniería Electrónica,APV,C,Aprobado,3.03,20/09/2024
EST00063,CUR0078,2024-2,Ingeniería,Ingeniería Electrónica,APV,C,Reprobado,2.18,24/09/2024
EST00109,CUR0003,2024-1,Ciencias Económicas,Administración,APV,C,Aprobado,3.18,12/05/2024
EST00331,CUR0068,2024-1,Artes Y Humanidades,Artes Escénicas,APV,C,Aprobado,3.1,07/03/2024
EST00237,CUR0060,2024-1,Ciencias Económicas,Administración,APV,A,Aprobado,3.25,19/05/2024
EST00077,CUR0092,2024-2,Ciencias Económicas,Contaduría,AMV,B,Cancelado,3.081805745554036,22/08/2024
EST00148,CUR0037,2024-2,Ciencias Económicas,Economía,AMV,A,Reprobado,2.37,19/10/2024
EST00114,CUR0037,2024-2,Ciencias Económicas,Economía,APV,B,Aprobado,2.9,15/08/2024
EST00282,CUR0080,2024-2,Ciencias Económicas,Economía,APV,B,Aprobado,3.64,19/07/2024
EST00073,CUR0083,2024-1,Artes Y Humanidades,Artes Escénicas,APV,C,Aprobado,3.0,26/03/2024
EST00212,CUR0033,2024-2,Ingeniería,Ingeniería De Sistemas,AMV,B,Aprobado,4.31,20/11/2024
EST00028,CUR0080,2024-2,Ciencias Económicas,Economía,AMV,C,Aprobado,3.11,28/08/2024
EST00299,CUR0054,2024-2,Ciencias Económicas,Economía,AMV,C,Aprobado,2.63,26/10/2024
EST00385,CUR0009,2024-1,Artes Y Humanidades,Comunicación,AMV,B,Aprobado,3.71,22/06/2024
EST00261,CUR0089,2024-1,Ingeniería,Ingeniería Electrónica,APV,B,Aprobado,2.99,13/03/2024
EST00189,CUR0084,2024-1,Ciencias Económicas,Economía,AMV,A,Reprobado,2.71,30/05/2024
EST00359,CUR0065,2024-1,Ingeniería,Ingeniería De Sistemas,APV,A,Reprobado,2.27,12/06/2024
EST00267,CUR0084,2024-1,Ciencias Económicas,Economía,APV,C,Matriculado_En_Curso,3.081805745554036,13/02/2024
EST00163,CUR0088,2024-1,Ingeniería,Ingeniería Electrónica,AMV,B,Reprobado,2.34,25/03/2024
EST00192,CUR0026,2024-1,Ingeniería,Ingeniería De Sistemas,AMV,B,Aprobado,3.16,15/02/2024
EST00232,CUR0033,2024-2,Ingeniería,Ingeniería De Sistemas,APV,C,Aprobado,4.41,10/11/2024
EST00008,CUR0007,2024-1,Artes Y Humanidades,Comunicación,AMV,C,Matriculado_En_Curso,3.081805745554036,21/03/2024
EST00192,CUR0074,2024-2,Ingeniería,Ingeniería Mecánica,AMV,C,Aprobado,3.91,23/07/2024
EST00124,CUR0091,2024-2,Ingeniería,Ingeniería De Sistemas,AMV,C,Reprobado,2.55,09/12/2024
EST00170,CUR0053,2024-1,Artes Y Humanidades,Comunicación,AMV,B,Aprobado,3.23,22/01/2024
EST00370,CUR0060,2024-1,Ciencias Económicas,Administración,APV,B,Reprobado,2.58,21/06/2024
EST00094,CUR0100,2024-2,Artes Y Humanidades,Comunicación,AMV,C,Matriculado_En_Curso,3.081805745554036,15/09/2024
EST00251,CUR0073,2024-2,Ingeniería,Ingeniería Mecánica,APV,A,Aprobado,3.77,19/07/2024
EST00378,CUR0061,2024-2,Ciencias Económicas,Administración,AMV,B,Aprobado,2.73,15/10/2024
EST00060,CUR0017,2024-1,Ingeniería,Ingeniería Electrónica,AMV,A,Matriculado_En_Curso,3.081805745554036,01/04/2024
EST00297,CUR0042,2024-2,Artes Y Humanidades,Artes Escénicas,APV,A,Reprobado,1.45,31/10/2024
EST00092,CUR0024,2024-2,Ingeniería,Ingeniería Electrónica,AMV,A,Matriculado_En_Curso,3.081805745554036,01/08/2024
EST00354,CUR0081,2024-2,Ciencias Económicas,Economía,AMV,A,Aprobado,3.58,07/11/2024
EST00254,CUR0033,2024-2,Ingeniería,Ingeniería De Sistemas,AMV,A,Cancelado,3.081805745554036,24/07/2024
EST00274,CUR0060,2024-1,Ciencias Económicas,Administración,AMV,C,Matriculado_En_Curso,3.081805745554036,02/03/2024
EST00212,CUR0033,2024-2,Ingeniería,Ingeniería De Sistemas,APV,B,Reprobado,2.11,17/11/2024
EST00262,CUR0003,2024-1,Ciencias Económicas,Administración,APV,B,Aprobado,3.57,08/04/2024
EST00352,CUR0067,2024-1,Artes Y Humanidades,Comunicación,AMV,B,Aprobado,3.58,09/04/2024
EST00175,CUR0006,2024-2,Artes Y Humanidades,Artes Escénicas,APV,B,Aprobado,4.11,29/07/2024
EST00064,CUR0067,2024-1,Artes Y Humanidades,Comunicación,APV,A,Aprobado,3.13,24/06/2024
EST00002,CUR0046,2024-2,Ingeniería,Ingeniería Electrónica,AMV,C,Aprobado,3.47,29/08/2024
EST00046,CUR0082,2024-2,Ciencias Económicas,Administración,APV,A,Reprobado,2.8,01/12/2024
EST00375,CUR0065,2024-1,Ingeniería,Ingeniería De Sistemas,APV,C,Matriculado_En_Curso,3.081805745554036,29/02/2024
EST00022,CUR0068,2024-1,Artes Y Humanidades,Artes Escénicas,APV,B,Aprobado,3.79,01/05/2024
EST00373,CUR0038,2024-1,Ingeniería,Ingeniería De Sistemas,AMV,C,Matriculado_En_Curso,3.081805745554036,28/06/2024
EST00362,CUR0095,2024-1,Ciencias Económicas,Contaduría,AMV,C,Matriculado_En_Curso,3.081805745554036,03/02/2024
EST00346,CUR0070,2024-2,Artes Y Humanidades,Artes Escénicas,APV,A,Cancelado,3.081805745554036,16/11/2024
EST00241,CUR0029,2024-2,Ciencias Económicas,Contaduría,AMV,B,Aprobado,3.0,08/10/2024
EST00046,CUR0084,2024-1,Ciencias Económicas,Economía,AMV,B,Reprobado,2.55,19/02/2024
EST00375,CUR0056,2024-2,Artes Y Humanidades,Diseño Gráfico,AMV,B,Reprobado,2.92,20/09/2024
EST00132,CUR0011,2024-1,Ciencias Económicas,Administración,APV,C,Aprobado,3.04,30/03/2024
EST00081,CUR0052,2024-1,Artes Y Humanidades,Artes Escénicas,AMV,C,Reprobado,0.97,22/05/2024
EST00149,CUR0020,2024-2,Artes Y Humanidades,Comunicación,AMV,B,Aprobado,2.54,01/09/2024
EST00117,CUR0048,2024-2,Ciencias Económicas,Administración,AMV,C,Aprobado,3.69,12/10/2024
EST00116,CUR0073,2024-2,Ingeniería,Ingeniería Mecánica,AMV,A,Matriculado_En_Curso,3.081805745554036,07/11/2024
EST00286,CUR0089,2024-1,Ingeniería,Ingeniería Electrónica,APV,C,Aprobado,3.21,04/03/2024
EST00016,CUR0098,2024-2,Ciencias Económicas,Contaduría,AMV,B,Aprobado,2.47,16/09/2024
EST00096,CUR0098,2024-2,Ciencias Económicas,Contaduría,APV,B,Matriculado_En_Curso,3.081805745554036,24/11/2024
EST00321,CUR0050,2024-1,Ingeniería,Ingeniería De Sistemas,APV,A,Aprobado,3.27,29/03/2024
EST00105,CUR0035,2024-2,Ciencias Económicas,Contaduría,APV,C,Aprobado,3.69,16/11/2024
EST00044,CUR0095,2024-1,Ciencias Económicas,Contaduría,APV,B,Aprobado,2.83,25/02/2024
EST00341,CUR0045,2024-1,Artes Y Humanidades,Artes Escénicas,AMV,B,Aprobado,3.48,18/06/2024
EST00194,CUR0081,2024-2,Ciencias Económicas,Economía,APV,A,Aprobado,3.6,06/09/2024
EST00140,CUR0058,2024-1,Ingeniería,Ingeniería Mecánica,AMV,C,Matriculado_En_Curso,3.081805745554036,15/05/2024
EST00260,CUR0068,2024-1,Artes Y Humanidades,Artes Escénicas,AMV,A,Aprobado,3.31,21/02/2024
EST00028,CUR0067,2024-1,Artes Y Humanidades,Comunicación,APV,C,Aprobado,2.97,02/03/2024
EST00313,CUR0069,2024-2,Ingeniería,Ingeniería De Sistemas,AMV,C,Aprobado,4.3,08/08/2024
EST00330,CUR0004,2024-1,Ciencias Económicas,Economía,APV,B,Aprobado,2.5,07/04/2024
EST00240,CUR0055,2024-2,Ingeniería,Ingeniería Mecánica,APV,A,Matriculado_En_Curso,3.081805745554036,11/11/2024
EST00116,CUR0075,2024-2,Ciencias Económicas,Contaduría,APV,A,Aprobado,3.8,26/11/2024
EST00247,CUR0005,2024-2,Artes Y Humanidades,Artes Escénicas,AMV,B,Aprobado,3.28,11/09/2024
EST00058,CUR0089,2024-1,Ingeniería,Ingeniería Electrónica,AMV,A,Aprobado,3.73,01/04/2024
EST00327,CUR0052,2024-1,Artes Y Humanidades,Artes Escénicas,APV,A,Aprobado,3.6,09/02/2024
EST00078,CUR0090,2024-2,Ciencias Económicas,Administración,APV,C,Cancelado,3.081805745554036,29/08/2024
EST00292,CUR0011,2024-1,Ciencias Económicas,Administración,AMV,A,Aprobado,3.83,24/04/2024
EST00356,CUR0091,2024-2,Ingeniería,Ingeniería De Sistemas,AMV,C,Cancelado,3.081805745554036,27/08/2024
EST00055,CUR0025,2024-1,Ciencias Económicas,Economía,AMV,B,Reprobado,2.3,04/04/2024
EST00184,CUR0002,2024-1,Ciencias Económicas,Administración,AMV,A,Aprobado,4.69,25/06/2024
EST00391,CUR0097,2024-1,Ingeniería,Ingeniería Mecánica,AMV,C,Aprobado,3.87,10/04/2024
EST00164,CUR0093,2024-2,Ingeniería,Ingeniería Mecánica,APV,B,Aprobado,4.3,03/10/2024
EST00199,CUR0047,2024-1,Ciencias Económicas,Administración,APV,A,Aprobado,3.97,05/06/2024
EST00386,CUR0061,2024-2,Ciencias Económicas,Administración,APV,C,Reprobado,2.03,19/09/2024
EST00100,CUR0042,2024-2,Artes Y Humanidades,Artes Escénicas,APV,B,Reprobado,2.4,20/11/2024
EST00165,CUR0010,2024-1,Ingeniería,Ingeniería Electrónica,APV,B,Matriculado_En_Curso,3.081805745554036,14/04/2024
EST00082,CUR0007,2024-1,Artes Y Humanidades,Comunicación,APV,C,Aprobado,3.05,06/05/2024
EST00310,CUR0050,2024-1,Ingeniería,Ingeniería De Sistemas,AMV,C,Aprobado,3.5,22/06/2024
EST00383,CUR0085,2024-2,Artes Y Humanidades,Diseño Gráfico,AMV,A,Cancelado,3.081805745554036,01/12/2024
EST00088,CUR0054,2024-2,Ciencias Económicas,Economía,APV,A,Cancelado,3.081805745554036,27/10/2024
EST00225,CUR0039,2024-2,Ciencias Económicas,Contaduría,AMV,C,Reprobado,2.16,07/12/2024
EST00331,CUR0095,2024-1,Ciencias Económicas,Contaduría,APV,A,Reprobado,1.53,13/03/2024
EST00096,CUR0025,2024-1,Ciencias Económicas,Economía,APV,B,Aprobado,3.09,28/05/2024
EST00230,CUR0030,2024-1,Artes Y Humanidades,Artes Escénicas,AMV,C,Aprobado,3.59,09/06/2024
EST00289,CUR0034,2024-2,Ciencias Económicas,Economía,AMV,C,Aprobado,4.54,20/07/2024
EST00143,CUR0093,2024-2,Ingeniería,Ingeniería Mecánica,APV,A,Aprobado,2.87,29/10/2024
EST00249,CUR0089,2024-1,Ingeniería,Ingeniería Electrónica,APV,B,Matriculado_En_Curso,3.081805745554036,02/05/2024
EST00202,CUR0015,2024-2,Ciencias Económicas,Contaduría,APV,B,Matriculado_En_Curso,3.081805745554036,17/09/2024
EST00347,CUR0042,2024-2,Artes Y Humanidades,Artes Escénicas,AMV,A,Cancelado,3.081805745554036,29/11/2024
EST00391,CUR0051,2024-2,Ciencias Económicas,Contaduría,AMV,A,Aprobado,2.86,28/08/2024
EST00328,CUR0094,2024-1,Artes Y Humanidades,Comunicación,APV,A,Cancelado,3.081805745554036,05/04/2024
EST00223,CUR0028,2024-2,Ingeniería,Ingeniería De Sistemas,APV,A,Aprobado,3.37,05/10/2024
EST00224,CUR0041,2024-1,Ingeniería,Ingeniería Mecánica,APV,A,Reprobado,2.24,06/04/2024
EST00246,CUR0049,2024-2,Artes Y Humanidades,Artes Escénicas,AMV,A,Reprobado,2.92,03/11/2024
EST00179,CUR0088,2024-1,Ingeniería,Ingeniería Electrónica,AMV,A,Matriculado_En_Curso,3.081805745554036,19/03/2024
EST00179,CUR0058,2024-1,Ingeniería,Ingeniería Mecánica,APV,B,Aprobado,3.32,01/02/2024
EST00301,CUR0049,2024-2,Artes Y Humanidades,Artes Escénicas,AMV,B,Reprobado,2.66,11/11/2024
EST00177,CUR0014,2024-1,Artes Y Humanidades,Comunicación,APV,B,Aprobado,3.36,28/04/2024
EST00128,CUR0048,2024-2,Ciencias Económicas,Administración,APV,C,Aprobado,2.99,20/10/2024
EST00222,CUR0071,2024-1,Ingeniería,Ingeniería De Sistemas,AMV,A,Reprobado,1.81,21/04/2024
EST00013,CUR0011,2024-1,Ciencias Económicas,Administración,APV,B,Aprobado,2.76,14/02/2024
EST00319,CUR0060,2024-1,Ciencias Económicas,Administración,APV,C,Aprobado,2.55,10/06/2024
EST00078,CUR0029,2024-2,Ciencias Económicas,Contaduría,APV,B,Reprobado,1.46,25/07/2024
EST00221,CUR0075,2024-2,Ciencias Económicas,Contaduría,APV,A,Aprobado,3.04,08/08/2024
EST00061,CUR0032,2024-1,Ciencias Económicas,Contaduría,AMV,A,Aprobado,3.31,22/05/2024
EST00092,CUR0028,2024-2,Ingeniería,Ingeniería De Sistemas,AMV,C,Aprobado,2.42,24/09/2024
EST00006,CUR0001,2024-2,Ingeniería,Ingeniería Electrónica,AMV,A,Aprobado,3.84,06/08/2024
EST00073,CUR0057,2024-1,Artes Y Humanidades,Diseño Gráfico,AMV,C,Aprobado,3.12,30/05/2024
EST00211,CUR0056,2024-2,Artes Y Humanidades,Diseño Gráfico,APV,C,Matriculado_En_Curso,3.081805745554036,17/08/2024
EST00363,CUR0032,2024-1,Ciencias Económicas,Contaduría,AMV,B,Aprobado,2.76,27/05/2024
EST00171,CUR0054,2024-2,Ciencias Económicas,Economía,APV,B,Aprobado,3.4,30/07/2024
EST00016,CUR0097,2024-1,Ingeniería,Ingeniería Mecánica,APV,C,Reprobado,3.19,15/06/2024
EST00304,CUR0095,2024-1,Ciencias Económicas,Contaduría,AMV,A,Reprobado,1.82,30/04/2024
EST00059,CUR0016,2024-1,Ciencias Económicas,Economía,AMV,B,Aprobado,3.28,14/05/2024
EST00089,CUR0009,2024-1,Artes Y Humanidades,Comunicación,APV,C,Cancelado,3.081805745554036,22/06/2024
EST00216,CUR0071,2024-1,Ingeniería,Ingeniería De Sistemas,APV,C,Matriculado_En_Curso,3.081805745554036,24/03/2024
EST00062,CUR0011,2024-1,Ciencias Económicas,Administración,APV,C,Aprobado,2.98,23/06/2024
EST00160,CUR0058,2024-1,Ingeniería,Ingeniería Mecánica,AMV,A,Aprobado,3.46,30/05/2024
EST00035,CUR0018,2024-2,Ciencias Económicas,Administración,APV,A,Matriculado_En_Curso,3.081805745554036,09/09/2024
EST00140,CUR0040,2024-2,Ingeniería,Ingeniería Mecánica,APV,C,Reprobado,2.4,02/11/2024
EST00102,CUR0061,2024-2,Ciencias Económicas,Administración,APV,B,Aprobado,3.69,06/12/2024
EST00037,CUR0003,2024-1,Ciencias Económicas,Administración,APV,B,Aprobado,3.12,27/02/2024
EST00027,CUR0049,2024-2,Artes Y Humanidades,Artes Escénicas,APV,C,Reprobado,1.65,09/12/2024
EST00205,CUR0089,2024-1,Ingeniería,Ingeniería Electrónica,AMV,A,Aprobado,3.76,25/02/2024
EST00335,CUR0032,2024-1,Ciencias Económicas,Contaduría,AMV,A,Reprobado,2.57,25/06/2024
EST00230,CUR0095,2024-1,Ciencias Económicas,Contaduría,AMV,B,Aprobado,3.13,16/03/2024
EST00055,CUR0063,2024-1,Artes Y Humanidades,Comunicación,APV,A,Aprobado,3.33,11/02/2024
EST00125,CUR0035,2024-2,Ciencias Económicas,Contaduría,AMV,B,Aprobado,2.73,29/07/2024
EST00243,CUR0058,2024-1,Ingeniería,Ingeniería Mecánica,APV,B,Aprobado,4.11,13/02/2024
EST00272,CUR0042,2024-2,Artes Y Humanidades,Artes Escénicas,AMV,C,Aprobado,3.3,07/08/2024
EST00164,CUR0022,2024-2,Ingeniería,Ingeniería De Sistemas,APV,C,Aprobado,3.56,05/09/2024
EST00283,CUR0042,2024-2,Artes Y Humanidades,Artes Escénicas,AMV,C,Aprobado,3.44,27/07/2024
EST00374,CUR0013,2024-2,Ciencias Económicas,Contaduría,APV,B,Aprobado,3.56,03/09/2024
EST00162,CUR0070,2024-2,Artes Y Humanidades,Artes Escénicas,AMV,B,Matriculado_En_Curso,3.081805745554036,15/11/2024
EST00347,CUR0086,2024-2,Artes Y Humanidades,Comunicación,APV,A,Cancelado,3.081805745554036,03/09/2024
EST00169,CUR0035,2024-2,Ciencias Económicas,Contaduría,APV,A,Aprobado,3.9,22/10/2024
EST00365,CUR0040,2024-2,Ingeniería,Ingeniería Mecánica,APV,A,Matriculado_En_Curso,3.081805745554036,13/08/2024
EST00273,CUR0059,2024-1,Ciencias Económicas,Administración,AMV,C,Aprobado,3.54,13/03/2024
EST00120,CUR0055,2024-2,Ingeniería,Ingeniería Mecánica,AMV,C,Cancelado,3.081805745554036,03/09/2024
EST00246,CUR0026,2024-1,Ingeniería,Ingeniería De Sistemas,APV,B,Aprobado,3.19,11/02/2024
EST00124,CUR0041,2024-1,Ingeniería,Ingeniería Mecánica,APV,A,Reprobado,2.27,06/06/2024
EST00317,CUR0023,2024-1,Ingeniería,Ingeniería De Sistemas,APV,C,Reprobado,2.03,12/04/2024
EST00363,CUR0083,2024-1,Artes Y Humanidades,Artes Escénicas,APV,C,Matriculado_En_Curso,3.081805745554036,04/06/2024
EST00176,CUR0017,2024-1,Ingeniería,Ingeniería Electrónica,APV,C,Aprobado,2.65,17/06/2024
EST00072,CUR0020,2024-2,Artes Y Humanidades,Comunicación,APV,C,Aprobado,2.41,09/11/2024
EST00338,CUR0005,2024-2,Artes Y Humanidades,Artes Escénicas,APV,C,Aprobado,2.51,14/08/2024
EST00041,CUR0076,2024-1,Artes Y Humanidades,Artes Escénicas,APV,A,Cancelado,3.081805745554036,18/02/2024
EST00124,CUR0079,2024-2,Artes Y Humanidades,Diseño Gráfico,AMV,A,Reprobado,2.65,21/07/2024
EST00272,CUR0007,2024-1,Artes Y Humanidades,Comunicación,APV,B,Reprobado,1.87,27/06/2024
EST00237,CUR0042,2024-2,Artes Y Humanidades,Artes Escénicas,AMV,B,Aprobado,3.76,06/09/2024
EST00293,CUR0042,2024-2,Artes Y Humanidades,Artes Escénicas,APV,A,Cancelado,3.081805745554036,24/10/2024
EST00030,CUR0044,2024-1,Artes Y Humanidades,Comunicación,AMV,B,Aprobado,4.13,09/05/2024
EST00200,CUR0047,2024-1,Ciencias Económicas,Administración,AMV,C,Cancelado,3.081805745554036,01/03/2024
EST00194,CUR0066,2024-1,Ciencias Económicas,Administración,AMV,A,Aprobado,3.34,12/06/2024
EST00004,CUR0034,2024-2,Ciencias Económicas,Economía,AMV,A,Reprobado,1.17,03/12/2024
EST00362,CUR0053,2024-1,Artes Y Humanidades,Comunicación,AMV,A,Aprobado,4.3,03/02/2024
EST00124,CUR0041,2024-1,Ingeniería,Ingeniería Mecánica,APV,A,Reprobado,1.93,12/02/2024
EST00200,CUR0098,2024-2,Ciencias Económicas,Contaduría,AMV,C,Aprobado,3.46,29/10/2024
EST00230,CUR0099,2024-2,Artes Y Humanidades,Comunicación,AMV,B,Aprobado,3.32,29/10/2024
EST00337,CUR0054,2024-2,Ciencias Económicas,Economía,APV,C,Reprobado,2.73,18/07/2024
EST00243,CUR0099,2024-2,Artes Y Humanidades,Comunicación,APV,B,Aprobado,2.56,09/09/2024
EST00099,CUR0037,2024-2,Ciencias Económicas,Economía,APV,C,Matriculado_En_Curso,3.081805745554036,06/12/2024
EST00073,CUR0057,2024-1,Artes Y Humanidades,Diseño Gráfico,AMV,A,Cancelado,3.081805745554036,27/02/2024
EST00302,CUR0036,2024-2,Ciencias Económicas,Contaduría,AMV,C,Aprobado,3.75,18/08/2024
EST00348,CUR0026,2024-1,Ingeniería,Ingeniería De Sistemas,AMV,B,Reprobado,2.41,24/02/2024
EST00265,CUR0062,2024-1,Ciencias Económicas,Contaduría,AMV,B,Matriculado_En_Curso,3.081805745554036,17/02/2024
EST00375,CUR0024,2024-2,Ingeniería,Ingeniería Electrónica,AMV,C,Reprobado,2.51,09/11/2024
EST00225,CUR0051,2024-2,Ciencias Económicas,Contaduría,APV,A,Cancelado,3.081805745554036,29/10/2024
EST00118,CUR0099,2024-2,Artes Y Humanidades,Comunicación,AMV,C,Aprobado,2.6,10/09/2024
EST00003,CUR0004,2024-1,Ciencias Económicas,Economía,APV,A,Cancelado,3.081805745554036,25/03/2024
EST00019,CUR0083,2024-1,Artes Y Humanidades,Artes Escénicas,AMV,B,Matriculado_En_Curso,3.081805745554036,24/06/2024
EST00009,CUR0005,2024-2,Artes Y Humanidades,Artes Escénicas,APV,A,Aprobado,3.33,08/12/2024
EST00078,CUR0007,2024-1,Artes Y Humanidades,Comunicación,APV,C,Aprobado,3.13,19/04/2024
EST00400,CUR0100,2024-2,Artes Y Humanidades,Comunicación,APV,A,Matriculado_En_Curso,3.081805745554036,09/08/2024
EST00048,CUR0062,2024-1,Ciencias Económicas,Contaduría,AMV,B,Aprobado,3.01,23/06/2024
EST00341,CUR0037,2024-2,Ciencias Económicas,Economía,APV,C,Aprobado,2.59,19/11/2024
EST00309,CUR0026,2024-1,Ingeniería,Ingeniería De Sistemas,AMV,A,Matriculado_En_Curso,3.081805745554036,15/02/2024
EST00056,CUR0096,2024-2,Ciencias Económicas,Contaduría,AMV,A,Aprobado,2.81,20/08/2024
EST00167,CUR0028,2024-2,Ingeniería,Ingeniería De Sistemas,APV,C,Cancelado,3.081805745554036,21/08/2024
EST00041,CUR0046,2024-2,Ingeniería,Ingeniería Electrónica,AMV,A,Aprobado,3.95,29/10/2024
EST00278,CUR0007,2024-1,Artes Y Humanidades,Comunicación,APV,C,Matriculado_En_Curso,3.081805745554036,27/05/2024
EST00133,CUR0048,2024-2,Ciencias Económicas,Administración,AMV,A,Matriculado_En_Curso,3.081805745554036,26/10/2024
EST00356,CUR0094,2024-1,Artes Y Humanidades,Comunicación,APV,C,Cancelado,3.081805745554036,15/06/2024
EST00040,CUR0025,2024-1,Ciencias Económicas,Economía,APV,C,Aprobado,2.65,04/02/2024
EST00287,CUR0010,2024-1,Ingeniería,Ingeniería Electrónica,AMV,B,Reprobado,2.74,05/04/2024
EST00371,CUR0024,2024-2,Ingeniería,Ingeniería Electrónica,APV,C,Reprobado,1.68,24/07/2024
EST00231,CUR0013,2024-2,Ciencias Económicas,Contaduría,AMV,C,Cancelado,3.081805745554036,09/12/2024
EST00292,CUR0051,2024-2,Ciencias Económicas,Contaduría,AMV,B,Aprobado,2.99,22/10/2024
EST00189,CUR0047,2024-1,Ciencias Económicas,Administración,AMV,C,Reprobado,2.94,14/04/2024
EST00124,CUR0078,2024-2,Ingeniería,Ingeniería Electrónica,APV,B,Aprobado,3.84,21/08/2024
EST00102,CUR0046,2024-2,Ingeniería,Ingeniería Electrónica,AMV,B,Aprobado,3.54,17/09/2024
EST00073,CUR0030,2024-1,Artes Y Humanidades,Artes Escénicas,APV,B,Matriculado_En_Curso,3.081805745554036,06/03/2024
EST00172,CUR0090,2024-2,Ciencias Económicas,Administración,AMV,A,Aprobado,3.37,26/09/2024
EST00080,CUR0009,2024-1,Artes Y Humanidades,Comunicación,APV,C,Aprobado,3.37,21/02/2024
EST00181,CUR0053,2024-1,Artes Y Humanidades,Comunicación,APV,C,Reprobado,1.87,25/02/2024
EST00187,CUR0043,2024-2,Ciencias Económicas,Economía,AMV,C,Matriculado_En_Curso,3.081805745554036,21/07/2024
EST00170,CUR0045,2024-1,Artes Y Humanidades,Artes Escénicas,APV,C,Aprobado,3.62,27/02/2024
EST00370,CUR0071,2024-1,Ingeniería,Ingeniería De Sistemas,AMV,A,Aprobado,2.78,18/05/2024
EST00197,CUR0098,2024-2,Ciencias Económicas,Contaduría,AMV,B,Aprobado,2.46,20/07/2024
EST00082,CUR0030,2024-1,Artes Y Humanidades,Artes Escénicas,AMV,C,Reprobado,2.79,18/03/2024
EST00390,CUR0028,2024-2,Ingeniería,Ingeniería De Sistemas,AMV,A,Cancelado,3.081805745554036,28/11/2024
EST00141,CUR0074,2024-2,Ingeniería,Ingeniería Mecánica,AMV,B,Aprobado,4.15,24/08/2024
EST00389,CUR0043,2024-2,Ciencias Económicas,Economía,APV,A,Reprobado,2.26,27/09/2024
EST00086,CUR0081,2024-2,Ciencias Económicas,Economía,APV,B,Aprobado,2.99,20/07/2024
EST00153,CUR0083,2024-1,Artes Y Humanidades,Artes Escénicas,APV,A,Matriculado_En_Curso,3.081805745554036,14/05/2024
EST00280,CUR0026,2024-1,Ingeniería,Ingeniería De Sistemas,APV,C,Cancelado,3.081805745554036,24/03/2024
EST00389,CUR0014,2024-1,Artes Y Humanidades,Comunicación,APV,B,Aprobado,3.64,17/02/2024
EST00188,CUR0085,2024-2,Artes Y Humanidades,Diseño Gráfico,APV,B,Aprobado,3.55,26/07/2024
EST00275,CUR0061,2024-2,Ciencias Económicas,Administración,APV,C,Reprobado,2.53,01/08/2024
EST00072,CUR0059,2024-1,Ciencias Económicas,Administración,APV,A,Aprobado,3.75,29/06/2024
EST00040,CUR0057,2024-1,Artes Y Humanidades,Diseño Gráfico,APV,C,Matriculado_En_Curso,3.081805745554036,15/04/2024
EST00250,CUR0023,2024-1,Ingeniería,Ingeniería De Sistemas,AMV,B,Reprobado,2.52,13/03/2024
EST00352,CUR0018,2024-2,Ciencias Económicas,Administración,APV,C,Aprobado,3.86,01/09/2024
EST00209,CUR0094,2024-1,Artes Y Humanidades,Comunicación,APV,C,Aprobado,4.25,02/03/2024
EST00153,CUR0074,2024-2,Ingeniería,Ingeniería Mecánica,AMV,B,Aprobado,3.3,30/11/2024
EST00385,CUR0077,2024-1,Artes Y Humanidades,Comunicación,AMV,C,Reprobado,2.21,07/03/2024
EST00242,CUR0097,2024-1,Ingeniería,Ingeniería Mecánica,AMV,B,Aprobado,3.61,09/02/2024
EST00186,CUR0051,2024-2,Ciencias Económicas,Contaduría,APV,B,Reprobado,2.55,29/10/2024
EST00179,CUR0036,2024-2,Ciencias Económicas,Contaduría,APV,B,Matriculado_En_Curso,3.081805745554036,23/11/2024
EST00330,CUR0031,2024-2,Ingeniería,Ingeniería Mecánica,APV,C,Cancelado,3.081805745554036,29/07/2024
EST00016,CUR0007,2024-1,Artes Y Humanidades,Comunicación,AMV,A,Cancelado,3.081805745554036,18/04/2024
EST00186,CUR0060,2024-1,Ciencias Económicas,Administración,AMV,B,Cancelado,3.081805745554036,30/05/2024
EST00330,CUR0014,2024-1,Artes Y Humanidades,Comunicación,AMV,A,Matriculado_En_Curso,3.081805745554036,22/03/2024
EST00106,CUR0090,2024-2,Ciencias Económicas,Administración,APV,B,Aprobado,2.82,18/08/2024
EST00338,CUR0009,2024-1,Artes Y Humanidades,Comunicación,AMV,B,Aprobado,3.99,16/06/2024
EST00324,CUR0098,2024-2,Ciencias Económicas,Contaduría,AMV,C,Aprobado,3.27,21/10/2024
EST00286,CUR0015,2024-2,Ciencias Económicas,Contaduría,AMV,C,Aprobado,3.47,18/07/2024
EST00093,CUR0076,2024-1,Artes Y Humanidades,Artes Escénicas,APV,C,Aprobado,2.51,19/06/2024
EST00238,CUR0016,2024-1,Ciencias Económicas,Economía,AMV,B,Matriculado_En_Curso,3.081805745554036,25/06/2024
EST00323,CUR0070,2024-2,Artes Y Humanidades,Artes Escénicas,AMV,B,Aprobado,3.35,25/07/2024
EST00075,CUR0035,2024-2,Ciencias Económicas,Contaduría,APV,B,Matriculado_En_Curso,3.081805745554036,16/09/2024
EST00092,CUR0060,2024-1,Ciencias Económicas,Administración,APV,A,Aprobado,4.66,19/03/2024
EST00262,CUR0031,2024-2,Ingeniería,Ingeniería Mecánica,APV,A,Aprobado,2.61,08/08/2024
EST00129,CUR0099,2024-2,Artes Y Humanidades,Comunicación,APV,A,Cancelado,3.081805745554036,31/10/2024
EST00073,CUR0085,2024-2,Artes Y Humanidades,Diseño Gráfico,AMV,C,Matriculado_En_Curso,3.081805745554036,14/12/2024
EST00107,CUR0003,2024-1,Ciencias Económicas,Administración,APV,C,Aprobado,3.9,16/04/2024
EST00354,CUR0093,2024-2,Ingeniería,Ingeniería Mecánica,AMV,A,Matriculado_En_Curso,3.081805745554036,22/09/2024
EST00315,CUR0005,2024-2,Artes Y Humanidades,Artes Escénicas,AMV,B,Aprobado,2.46,24/11/2024
EST00236,CUR0070,2024-2,Artes Y Humanidades,Artes Escénicas,APV,B,Aprobado,2.76,27/08/2024
EST00331,CUR0086,2024-2,Artes Y Humanidades,Comunicación,APV,A,Matriculado_En_Curso,3.081805745554036,04/09/2024
EST00312,CUR0041,2024-1,Ingeniería,Ingeniería Mecánica,AMV,A,Reprobado,2.66,19/06/2024
EST00154,CUR0081,2024-2,Ciencias Económicas,Economía,AMV,C,Cancelado,3.081805745554036,21/07/2024
EST00014,CUR0094,2024-1,Artes Y Humanidades,Comunicación,APV,A,Cancelado,3.081805745554036,29/03/2024
EST00364,CUR0090,2024-2,Ciencias Económicas,Administración,AMV,B,Aprobado,3.27,24/10/2024
EST00325,CUR0080,2024-2,Ciencias Económicas,Economía,APV,A,Matriculado_En_Curso,3.081805745554036,14/08/2024
EST00367,CUR0070,2024-2,Artes Y Humanidades,Artes Escénicas,AMV,C,Aprobado,3.18,26/09/2024
EST00236,CUR0002,2024-1,Ciencias Económicas,Administración,APV,B,Aprobado,3.32,21/05/2024
EST00076,CUR0026,2024-1,Ingeniería,Ingeniería De Sistemas,AMV,A,Aprobado,2.99,12/05/2024
EST00281,CUR0015,2024-2,Ciencias Económicas,Contaduría,AMV,A,Aprobado,3.82,09/10/2024
EST00086,CUR0041,2024-1,Ingeniería,Ingeniería Mecánica,AMV,C,Matriculado_En_Curso,3.081805745554036,28/02/2024
EST00117,CUR0046,2024-2,Ingeniería,Ingeniería Electrónica,APV,C,Aprobado,4.41,17/09/2024
EST00223,CUR0094,2024-1,Artes Y Humanidades,Comunicación,APV,A,Aprobado,2.93,15/05/2024
EST00367,CUR0062,2024-1,Ciencias Económicas,Contaduría,AMV,C,Matriculado_En_Curso,3.081805745554036,02/03/2024
EST00029,CUR0089,2024-1,Ingeniería,Ingeniería Electrónica,AMV,C,Reprobado,2.33,15/05/2024
EST00242,CUR0078,2024-2,Ingeniería,Ingeniería Electrónica,APV,B,Aprobado,2.91,13/10/2024
EST00010,CUR0087,2024-2,Artes Y Humanidades,Comunicación,APV,A,Aprobado,3.74,21/11/2024
EST00153,CUR0023,2024-1,Ingeniería,Ingeniería De Sistemas,APV,A,Aprobado,3.35,19/04/2024
EST00374,CUR0056,2024-2,Artes Y Humanidades,Diseño Gráfico,APV,A,Aprobado,2.95,19/08/2024
EST00215,CUR0041,2024-1,Ingeniería,Ingeniería Mecánica,AMV,C,Reprobado,2.4,04/02/2024
EST00312,CUR0067,2024-1,Artes Y Humanidades,Comunicación,AMV,A,Aprobado,4.19,31/03/2024
EST00119,CUR0019,2024-2,Ciencias Económicas,Administración,AMV,B,Reprobado,1.85,05/12/2024
EST00014,CUR0059,2024-1,Ciencias Económicas,Administración,AMV,B,Aprobado,3.02,29/01/2024
EST00087,CUR0067,2024-1,Artes Y Humanidades,Comunicación,AMV,A,Reprobado,1.49,27/06/2024
EST00359,CUR0008,2024-1,Artes Y Humanidades,Comunicación,APV,A,Aprobado,3.57,18/03/2024
EST00212,CUR0077,2024-1,Artes Y Humanidades,Comunicación,APV,C,Aprobado,3.97,06/02/2024
EST00243,CUR0005,2024-2,Artes Y Humanidades,Artes Escénicas,AMV,B,Matriculado_En_Curso,3.081805745554036,17/11/2024
EST00249,CUR0056,2024-2,Artes Y Humanidades,Diseño Gráfico,AMV,C,Aprobado,3.35,13/11/2024
EST00230,CUR0001,2024-2,Ingeniería,Ingeniería Electrónica,AMV,A,Reprobado,1.53,17/08/2024
EST00270,CUR0065,2024-1,Ingeniería,Ingeniería De Sistemas,AMV,C,Aprobado,2.74,22/05/2024
EST00114,CUR0095,2024-1,Ciencias Económicas,Contaduría,AMV,C,Aprobado,3.2,19/06/2024
EST00216,CUR0099,2024-2,Artes Y Humanidades,Comunicación,AMV,B,Aprobado,3.95,06/09/2024
EST00216,CUR0033,2024-2,Ingeniería,Ingeniería De Sistemas,AMV,C,Aprobado,3.77,09/09/2024
EST00232,CUR0002,2024-1,Ciencias Económicas,Administración,AMV,C,Aprobado,3.85,19/06/2024
EST00197,CUR0068,2024-1,Artes Y Humanidades,Artes Escénicas,AMV,C,Matriculado_En_Curso,3.081805745554036,23/02/2024
EST00134,CUR0077,2024-1,Artes Y Humanidades,Comunicación,APV,B,Reprobado,1.88,26/02/2024
EST00003,CUR0040,2024-2,Ingeniería,Ingeniería Mecánica,AMV,B,Matriculado_En_Curso,3.081805745554036,09/09/2024
EST00199,CUR0026,2024-1,Ingeniería,Ingeniería De Sistemas,AMV,B,Aprobado,3.58,10/04/2024
EST00202,CUR0055,2024-2,Ingeniería,Ingeniería Mecánica,APV,C,Aprobado,3.45,20/08/2024
EST00337,CUR0069,2024-2,Ingeniería,Ingeniería De Sistemas,AMV,C,Aprobado,3.58,28/07/2024
EST00290,CUR0002,2024-1,Ciencias Económicas,Administración,AMV,C,Aprobado,4.3,05/04/2024
EST00019,CUR0068,2024-1,Artes Y Humanidades,Artes Escénicas,AMV,C,Aprobado,2.89,11/04/2024
EST00055,CUR0020,2024-2,Artes Y Humanidades,Comunicación,APV,C,Aprobado,2.99,13/12/2024
EST00228,CUR0076,2024-1,Artes Y Humanidades,Artes Escénicas,AMV,B,Matriculado_En_Curso,3.081805745554036,06/06/2024
EST00327,CUR0011,2024-1,Ciencias Económicas,Administración,APV,B,Reprobado,2.04,06/04/2024
EST00261,CUR0022,2024-2,Ingeniería,Ingeniería De Sistemas,AMV,C,Cancelado,3.081805745554036,29/09/2024
EST00049,CUR0079,2024-2,Artes Y Humanidades,Diseño Gráfico,APV,A,Aprobado,2.62,10/12/2024
EST00012,CUR0013,2024-2,Ciencias Económicas,Contaduría,AMV,A,Matriculado_En_Curso,3.081805745554036,26/10/2024
EST00351,CUR0026,2024-1,Ingeniería,Ingeniería De Sistemas,AMV,C,Aprobado,2.99,07/04/2024
EST00388,CUR0058,2024-1,Ingeniería,Ingeniería Mecánica,APV,A,Matriculado_En_Curso,3.081805745554036,21/05/2024
EST00286,CUR0003,2024-1,Ciencias Económicas,Administración,AMV,C,Aprobado,3.16,06/04/2024
EST00361,CUR0085,2024-2,Artes Y Humanidades,Diseño Gráfico,AMV,B,Reprobado,1.33,22/07/2024
EST00382,CUR0015,2024-2,Ciencias Económicas,Contaduría,AMV,B,Cancelado,3.081805745554036,27/09/2024
EST00018,CUR0042,2024-2,Artes Y Humanidades,Artes Escénicas,AMV,A,Aprobado,2.56,03/09/2024
EST00254,CUR0059,2024-1,Ciencias Económicas,Administración,APV,A,Aprobado,3.78,29/02/2024
EST00200,CUR0073,2024-2,Ingeniería,Ingeniería Mecánica,APV,C,Reprobado,1.64,07/10/2024
EST00113,CUR0076,2024-1,Artes Y Humanidades,Artes Escénicas,AMV,B,Aprobado,2.49,02/06/2024
EST00223,CUR0028,2024-2,Ingeniería,Ingeniería De Sistemas,APV,A,Matriculado_En_Curso,3.081805745554036,22/09/2024
EST00378,CUR0046,2024-2,Ingeniería,Ingeniería Electrónica,APV,C,Aprobado,3.77,28/07/2024
EST00095,CUR0011,2024-1,Ciencias Económicas,Administración,APV,A,Reprobado,2.19,26/01/2024
EST00269,CUR0035,2024-2,Ciencias Económicas,Contaduría,APV,C,Aprobado,3.74,20/10/2024
EST00382,CUR0081,2024-2,Ciencias Económicas,Economía,AMV,B,Aprobado,3.42,22/11/2024
EST00080,CUR0071,2024-1,Ingeniería,Ingeniería De Sistemas,APV,C,Aprobado,3.14,25/01/2024
EST00012,CUR0075,2024-2,Ciencias Económicas,Contaduría,AMV,A,Aprobado,3.07,25/08/2024
EST00324,CUR0070,2024-2,Artes Y Humanidades,Artes Escénicas,AMV,A,Aprobado,4.28,23/08/2024
EST00116,CUR0055,2024-2,Ingeniería,Ingeniería Mecánica,AMV,C,Aprobado,3.63,06/10/2024
EST00303,CUR0035,2024-2,Ciencias Económicas,Contaduría,AMV,A,Aprobado,4.26,31/08/2024
EST00376,CUR0067,2024-1,Artes Y Humanidades,Comunicación,APV,A,Aprobado,3.14,28/04/2024
EST00231,CUR0065,2024-1,Ingeniería,Ingeniería De Sistemas,APV,A,Matriculado_En_Curso,3.081805745554036,27/02/2024
EST00002,CUR0038,2024-1,Ingeniería,Ingeniería De Sistemas,APV,C,Aprobado,3.01,12/03/2024
EST00400,CUR0056,2024-2,Artes Y Humanidades,Diseño Gráfico,AMV,B,Reprobado,3.33,27/08/2024
EST00200,CUR0010,2024-1,Ingeniería,Ingeniería Electrónica,APV,C,Aprobado,3.6,23/02/2024
EST00126,CUR0080,2024-2,Ciencias Económicas,Economía,APV,C,Reprobado,2.32,17/11/2024
EST00173,CUR0037,2024-2,Ciencias Económicas,Economía,APV,A,Aprobado,3.52,23/10/2024
EST00049,CUR0019,2024-2,Ciencias Económicas,Administración,APV,C,Aprobado,2.99,23/11/2024
EST00013,CUR0023,2024-1,Ingeniería,Ingeniería De Sistemas,AMV,A,Matriculado_En_Curso,3.081805745554036,31/05/2024
EST00240,CUR0031,2024-2,Ingeniería,Ingeniería Mecánica,APV,C,Aprobado,4.06,01/11/2024
EST00161,CUR0078,2024-2,Ingeniería,Ingeniería Electrónica,APV,A,Matriculado_En_Curso,3.081805745554036,19/07/2024
EST00355,CUR0032,2024-1,Ciencias Económicas,Contaduría,APV,A,Aprobado,3.75,23/02/2024
EST00226,CUR0020,2024-2,Artes Y Humanidades,Comunicación,APV,B,Cancelado,3.081805745554036,16/09/2024
EST00038,CUR0033,2024-2,Ingeniería,Ingeniería De Sistemas,APV,C,Aprobado,4.45,12/08/2024
EST00174,CUR0100,2024-2,Artes Y Humanidades,Comunicación,AMV,B,Reprobado,1.82,18/08/2024
EST00033,CUR0005,2024-2,Artes Y Humanidades,Artes Escénicas,AMV,A,Aprobado,3.61,27/08/2024
EST00034,CUR0096,2024-2,Ciencias Económicas,Contaduría,AMV,A,Reprobado,2.04,17/07/2024
EST00007,CUR0021,2024-1,Ciencias Económicas,Contaduría,AMV,B,Matriculado_En_Curso,3.081805745554036,15/03/2024
EST00017,CUR0070,2024-2,Artes Y Humanidades,Artes Escénicas,APV,B,Reprobado,2.66,09/10/2024
EST00100,CUR0088,2024-1,Ingeniería,Ingeniería Electrónica,APV,C,Matriculado_En_Curso,3.081805745554036,18/03/2024
EST00033,CUR0040,2024-2,Ingeniería,Ingeniería Mecánica,AMV,C,Aprobado,3.64,04/09/2024
EST00257,CUR0031,2024-2,Ingeniería,Ingeniería Mecánica,AMV,C,Matriculado_En_Curso,3.081805745554036,13/08/2024
EST00107,CUR0011,2024-1,Ciencias Económicas,Administración,APV,A,Matriculado_En_Curso,3.081805745554036,28/02/2024
EST00386,CUR0057,2024-1,Artes Y Humanidades,Diseño Gráfico,APV,C,Aprobado,3.07,29/01/2024
EST00377,CUR0079,2024-2,Artes Y Humanidades,Diseño Gráfico,APV,A,Aprobado,4.29,28/09/2024
EST00255,CUR0081,2024-2,Ciencias Económicas,Economía,AMV,A,Matriculado_En_Curso,3.081805745554036,23/08/2024
EST00286,CUR0009,2024-1,Artes Y Humanidades,Comunicación,APV,A,Aprobado,3.55,08/03/2024
EST00010,CUR0008,2024-1,Artes Y Humanidades,Comunicación,AMV,B,Matriculado_En_Curso,3.081805745554036,14/04/2024
EST00043,CUR0047,2024-1,Ciencias Económicas,Administración,AMV,A,Aprobado,4.54,03/03/2024
EST00052,CUR0081,2024-2,Ciencias Económicas,Economía,AMV,B,Reprobado,1.78,11/11/2024
EST00023,CUR0005,2024-2,Artes Y Humanidades,Artes Escénicas,APV,B,Aprobado,4.01,25/11/2024
EST00030,CUR0084,2024-1,Ciencias Económicas,Economía,APV,A,Aprobado,2.37,06/06/2024
EST00284,CUR0090,2024-2,Ciencias Económicas,Administración,AMV,A,Matriculado_En_Curso,3.081805745554036,08/12/2024
EST00331,CUR0043,2024-2,Ciencias Económicas,Economía,AMV,A,Matriculado_En_Curso,3.081805745554036,19/11/2024
EST00311,CUR0099,2024-2,Artes Y Humanidades,Comunicación,APV,C,Matriculado_En_Curso,3.081805745554036,12/09/2024
EST00127,CUR0018,2024-2,Ciencias Económicas,Administración,APV,C,Reprobado,2.24,28/07/2024
EST00231,CUR0085,2024-2,Artes Y Humanidades,Diseño Gráfico,AMV,C,Matriculado_En_Curso,3.081805745554036,18/10/2024
EST00221,CUR0049,2024-2,Artes Y Humanidades,Artes Escénicas,AMV,A,Aprobado,2.86,17/09/2024
EST00284,CUR0084,2024-1,Ciencias Económicas,Economía,APV,B,Cancelado,3.081805745554036,13/02/2024
EST00280,CUR0027,2024-2,Ingeniería,Ingeniería Mecánica,AMV,B,Aprobado,3.33,19/11/2024
EST00252,CUR0021,2024-1,Ciencias Económicas,Contaduría,APV,A,Aprobado,3.27,08/06/2024
EST00034,CUR0049,2024-2,Artes Y Humanidades,Artes Escénicas,AMV,B,Cancelado,3.081805745554036,18/10/2024
EST00259,CUR0003,2024-1,Ciencias Económicas,Administración,APV,C,Aprobado,3.54,22/02/2024
EST00316,CUR0009,2024-1,Artes Y Humanidades,Comunicación,APV,A,Aprobado,3.36,13/04/2024
EST00019,CUR0008,2024-1,Artes Y Humanidades,Comunicación,APV,C,Reprobado,2.23,30/03/2024
EST00381,CUR0004,2024-1,Ciencias Económicas,Economía,AMV,B,Aprobado,3.62,10/03/2024
EST00174,CUR0071,2024-1,Ingeniería,Ingeniería De Sistemas,APV,B,Aprobado,3.71,09/06/2024
EST00336,CUR0100,2024-2,Artes Y Humanidades,Comunicación,AMV,A,Reprobado,1.62,25/09/2024
EST00321,CUR0043,2024-2,Ciencias Económicas,Economía,AMV,A,Aprobado,3.17,27/11/2024
EST00196,CUR0034,2024-2,Ciencias Económicas,Economía,APV,B,Matriculado_En_Curso,3.081805745554036,14/10/2024
EST00338,CUR0016,2024-1,Ciencias Económicas,Economía,APV,A,Aprobado,4.56,02/05/2024
EST00338,CUR0064,2024-1,Ingeniería,Ingeniería Mecánica,AMV,B,Aprobado,3.97,27/01/2024
EST00107,CUR0100,2024-2,Artes Y Humanidades,Comunicación,AMV,C,Aprobado,3.37,04/09/2024
EST00097,CUR0030,2024-1,Artes Y Humanidades,Artes Escénicas,AMV,C,Matriculado_En_Curso,3.081805745554036,27/01/2024
EST00149,CUR0026,2024-1,Ingeniería,Ingeniería De Sistemas,AMV,C,Matriculado_En_Curso,3.081805745554036,08/03/2024
EST00122,CUR0065,2024-1,Ingeniería,Ingeniería De Sistemas,APV,A,Aprobado,4.15,26/01/2024
EST00272,CUR0052,2024-1,Artes Y Humanidades,Artes Escénicas,APV,B,Matriculado_En_Curso,3.081805745554036,25/06/2024
EST00112,CUR0079,2024-2,Artes Y Humanidades,Diseño Gráfico,AMV,A,Aprobado,4.09,09/11/2024
EST00211,CUR0049,2024-2,Artes Y Humanidades,Artes Escénicas,APV,B,Aprobado,3.25,18/07/2024
EST00281,CUR0091,2024-2,Ingeniería,Ingeniería De Sistemas,APV,C,Aprobado,4.04,28/11/2024
EST00268,CUR0030,2024-1,Artes Y Humanidades,Artes Escénicas,APV,B,Aprobado,3.1,02/04/2024
EST00334,CUR0031,2024-2,Ingeniería,Ingeniería Mecánica,APV,B,Cancelado,3.081805745554036,09/08/2024
EST00305,CUR0025,2024-1,Ciencias Económicas,Economía,AMV,A,Aprobado,3.68,24/05/2024
EST00291,CUR0042,2024-2,Artes Y Humanidades,Artes Escénicas,AMV,A,Aprobado,3.16,14/12/2024
EST00397,CUR0037,2024-2,Ciencias Económicas,Economía,AMV,C,Aprobado,3.34,25/09/2024
EST00316,CUR0017,2024-1,Ingeniería,Ingeniería Electrónica,APV,B,Aprobado,2.81,07/03/2024
EST00008,CUR0013,2024-2,Ciencias Económicas,Contaduría,AMV,C,Aprobado,3.21,25/10/2024
EST00079,CUR0008,2024-1,Artes Y Humanidades,Comunicación,APV,B,Aprobado,3.85,26/02/2024
EST00395,CUR0072,2024-1,Ciencias Económicas,Administración,APV,B,Aprobado,3.56,22/04/2024
EST00061,CUR0013,2024-2,Ciencias Económicas,Contaduría,AMV,B,Aprobado,3.32,20/10/2024
